SEASON,TEAM_ABBREVIATION,TEAM_ID,OVERLAP,PRIOR_QUALITY,TEAM_FGA,TEAM_PTS_FG,TEAM_XPTS,N_CORE,FGA,FTA,TOV,ORB,FGM,FTM,POSS,ORTG_FG,PTS_PER_FGA,PTS_VS_XPTS
2016,ATL,,0.8999764946531166,1.0598027532417789,6600,6696,7058.917865915195,8,6830,2001,1336,1023,3078,1460,8023.4400000000005,83.45547545691124,1.0145454545454546,-0.05498755544169619
2016,BKN,,0.9429438095380793,1.024694163530837,6745,6874,6912.766719300927,8,6896,1983,1301,926,3060,1563,8143.52,84.410672534727,1.0191252779836917,-0.005747475063147136
2016,BOS,,0.9567135634929362,0.9731399742586222,6631,6984,6911.473045977567,8,6874,1894,1117,888,3132,1530,7936.36,88.00004032075158,1.0532348062132408,0.01093755904425164
2016,CHA,,0.8859916722624955,1.0297003920988859,6624,6680,6660.514465957136,8,6888,1913,970,856,3035,1552,7843.72,85.16367233914521,1.0084541062801933,0.002941656709369557
2016,CHI,,0.8898953877336945,1.0004445447743184,6696,6589,6574.598256076282,8,7045,1820,1070,1078,3128,1438,7837.8,84.06695756462273,0.9840203106332138,0.002150798077018777
2016,CLE,,0.8913664126239154,1.056897822513565,6535,7238,7111.833063493408,8,6849,1836,1091,941,3221,1378,7806.84,92.71356912656081,1.107574598316756,0.01930634070491076
2016,DAL,,0.9216197332934863,1.0466266124651615,6367,6465,6501.948869215185,8,6642,1534,1051,754,2923,1228,7613.96,84.90982353466528,1.0153918643002984,-0.005803183479689865
2016,DEN,,0.9604692107624949,0.9805415623692175,6782,7269,6985.837394004049,8,7081,1941,1139,1083,3337,1499,7991.04,90.9643801057184,1.0718077263344146,0.041752079916831435
2016,DET,,0.9031569538239972,0.9899392291262911,6936,6874,6719.461161115356,8,7196,1594,968,1099,3233,1165,7766.36,88.50993258102895,0.9910611303344867,0.02228068611370301
2016,GSW,,0.8883336764629071,1.1463106349513041,6760,7653,7554.626505120261,8,7042,1849,1160,913,3485,1446,8102.56,94.45163010209119,1.1321005917159763,0.014552292141973247
2016,HOU,,0.8506576748306176,1.0589265122462221,6778,7446,7470.745018033217,8,7044,2112,1306,1034,3260,1612,8245.28,90.30621155376166,1.0985541457657126,-0.0036507846021270425
2016,IND,,0.9028539308783318,0.9976315568845009,6558,6795,6364.997461802079,8,6824,1785,1154,860,3175,1437,7903.4,85.9756560467647,1.036139066788655,0.0655691580051725
2016,LAC,,0.8281237275456197,1.0545985181215038,6361,6855,6692.223336093741,8,6729,2087,1083,861,3205,1548,7869.28,87.11089197486936,1.0776607451658544,0.025589791527473555
2016,LAL,,0.9168874647845019,0.9646561694998605,6780,6809,6949.981658158358,8,7059,1862,1192,1049,3179,1403,8021.28,84.88670137434424,1.0042772861356932,-0.020793754890613303
2016,MEM,,0.8534530524267384,0.9864268230036949,6437,6399,6414.963360284959,8,6756,1980,1060,1016,2945,1563,7671.2,83.4158932109709,0.9940966288643778,-0.0024799379035201153
2016,MIA,,0.8781105162861863,1.073686404239197,6614,6856,6736.203998580015,8,6936,1775,1122,1035,3158,1240,7804.0,87.85238339313173,1.0365890535228304,0.018112488875111167
2016,MIL,,0.8644446178697691,1.0300656610794297,6314,6711,6771.194613540387,8,6624,1782,1105,860,3147,1370,7653.08,87.69018486674646,1.062876148242002,-0.009533514973136974
2016,MIN,,0.93542536610809,1.0262823129797385,6589,6760,6745.101912080736,8,6817,1951,1126,1074,3192,1546,7727.4400000000005,87.48045924652924,1.0259523448171195,0.0022610544724941677
2016,NOP,,0.9023880723383486,1.0066202503908865,6749,6858,6561.502316931692,8,7034,1757,1044,791,3167,1329,8060.08,85.08600410914036,1.0161505408208624,0.04393209113473227
2016,NYK,,0.886925363630541,0.9521710209476628,6864,6833,6636.961501603868,8,7152,1748,1089,1123,3203,1373,7887.12,86.63491870289789,0.995483682983683,0.028560387295473794
2016,OKC,,0.8692871087264854,1.0487374785952477,6835,6875,7284.220304523695,8,7095,2138,1156,1227,3207,1620,7964.72,86.31816309926776,1.005852231163131,-0.05987129546798752
2016,ORL,,0.9024205884428517,1.0159592449289476,6746,6671,6768.266622687128,8,7034,1733,1072,993,3099,1299,7875.52,84.70551785786843,0.9888823006225912,-0.01441841427321789
2016,PHI,,0.8938145732768807,1.000914777603802,6652,6664,6789.245901543041,8,6905,1854,1300,989,3052,1428,8031.76,82.970606691435,1.0018039687312086,-0.018828307507973742
2016,PHX,,0.9267176877513768,0.9908499028745267,6899,6847,7017.504542074097,8,7159,2174,1210,1054,3228,1699,8271.56,82.77761389629042,0.9924626757501087,-0.024714384994071185
2016,POR,,0.8956264325732397,1.0261510674700174,6713,6987,6970.846303692082,8,6954,1932,1122,962,3197,1505,7964.08,87.73141404908037,1.0408163265306123,0.0024063304495632247
2016,SAC,,0.9236926367165789,1.0018476989922613,6300,6539,6168.630819440373,8,6650,1853,1169,843,3074,1433,7791.32,83.92672871862534,1.037936507936508,0.05878875881898845
2016,SAS,,0.8828109860500961,1.0556234794249597,6458,6803,6599.8584840557505,8,6767,1794,1155,934,3178,1423,7777.36,87.4718413446208,1.0534221121090122,0.03145579373556046
2016,TOR,,0.8228656531737545,1.0045963904976751,6540,6799,6608.259601358642,8,6813,2055,995,1028,3176,1652,7684.2,88.48025819213451,1.0396024464831803,0.02916519856901503
2016,UTA,,0.8343660177144253,1.0396788743273921,6147,6497,6382.620070493629,8,6416,1836,1089,882,2996,1369,7430.84,87.4329147175824,1.0569383439075972,0.018607439321029918
2016,WAS,,0.9043236425727841,1.0093566883767373,6811,7250,6854.736731433423,8,7051,1810,1133,1014,3351,1414,7966.4,91.00723036754368,1.064454558801938,0.058033074227951356
2017,ATL,,0.9253070939975944,0.9553792015327587,6778,6997,7023.594769347044,8,6908,1660,1312,1022,3098,1309,7928.4,88.25235860955553,1.0323104160519327,-0.003923689782685799
2017,BKN,,0.8861822419067741,1.0277593135356329,6849,7091,7217.422082521765,8,7012,1818,1185,1003,3104,1405,7993.92,88.70491573595933,1.035333625346766,-0.018458473137942084
2017,BOS,,0.937548404241173,0.9934991730380934,6737,6995,7000.656255867419,8,6862,1722,1108,1029,3096,1333,7698.68,90.85973179817839,1.0382959774380287,-0.0008395808026448897
2017,CHA,,0.8524729819514033,1.0496573156177158,6853,7016,6921.201268690822,8,7005,2131,1052,1088,3156,1590,7906.64,88.73554379610049,1.0237852035604844,0.013833172524321908
2017,CHI,,0.8935785953481685,1.0051893792502553,7071,7093,7085.291991528691,8,7173,1571,1103,1058,3129,1195,7909.24,89.67991867739505,1.0031112996747278,0.0010900874658900945
2017,CLE,,0.9106714370150469,1.083807615857577,6698,7356,7262.712879388339,8,6826,1814,1100,905,3251,1408,7819.16,94.07660157868621,1.098238280083607,0.013927608332585937
2017,DAL,,0.9187743405429667,1.0058426223087988,6807,7017,7201.327735670771,8,6922,1559,1094,879,3094,1180,7822.96,89.6975058034299,1.0308505949757603,-0.02707914436179981
2017,DEN,,0.9350811060658413,1.0666047328261594,6825,7353,7157.090541768932,8,6986,1778,1207,1139,3292,1327,7836.32,93.8323090430202,1.0773626373626373,0.028704682524698627
2017,DET,,0.8453735258191876,1.0138043904590546,6813,7051,6952.116602936433,8,7022,1638,1071,1052,3164,1238,7761.72,90.84326669861834,1.034933215910759,0.014513928821894454
2017,GSW,,0.8871116616625903,1.1361859378844867,6725,7678,7314.900052853576,8,6869,1675,1200,849,3464,1350,7957.0,96.49365338695488,1.141710037174721,0.05399255719649425
2017,HOU,,0.8396546523300296,1.087531480790979,6629,7350,7449.368674275608,8,6790,2018,1074,957,3126,1580,7794.92,94.2921800352024,1.1087645195353748,-0.01498999461089276
2017,IND,,0.9363406511294192,1.0306382054693737,6820,7164,7096.973786926417,8,6940,1571,1084,1021,3283,1211,7694.24,93.10861111688745,1.0504398826979473,0.009827890479997473
2017,LAC,,0.8581829335538494,1.1145896250873242,6780,7197,7429.0691035799955,8,6909,2057,1232,1086,3262,1551,7960.08,90.41366418427955,1.061504424778761,-0.034228481353981634
2017,LAL,,0.9101157728789202,0.9844604233073182,7016,7332,7391.550407280106,8,7151,1881,1227,1117,3291,1370,8088.64,90.64564623966452,1.0450399087799316,-0.00848780035349286
2017,MEM,,0.9356463496472912,0.9486335246178155,6502,6523,6824.488424769419,8,6686,1764,1239,1063,2961,1391,7638.16,85.40014872691853,1.0032297754537065,-0.046368567328424946
2017,MIA,,0.8835726735444159,1.0393211979893826,6702,7009,7018.411182803542,8,6871,1563,1146,997,3137,1176,7707.72,90.93480302865179,1.0458072217248582,-0.0014042349751629414
2017,MIL,,0.899188219366689,1.060067489589428,6471,6945,6909.565423001855,8,6705,1870,1094,871,3220,1454,7750.8,89.60365381638024,1.0732498840982847,0.005475904342164213
2017,MIN,,0.9274397416790451,1.0252356190892,6807,7170,7026.14615062016,8,6967,1923,1030,1073,3327,1531,7770.12,92.27656715726398,1.0533274570295283,0.021133223061530725
2017,NOP,,0.9083693752045855,1.0220358809941563,6931,7556,7312.951536718718,8,7127,1684,1224,903,3449,1291,8188.96,92.27056915652292,1.090174577982975,0.03506686816928037
2017,NYK,,0.8847035636282438,1.0934349028554031,6962,7157,7016.624247124416,8,7104,1543,1150,1121,3301,1207,7811.92,91.6164016016549,1.028009192760701,0.020163136006260286
2017,OKC,,0.8472724901582339,1.0254869732028582,6975,7224,7623.99637911834,8,7134,1906,1121,1302,3233,1374,7791.64,92.71475581520706,1.0356989247311827,-0.057347151128077416
2017,ORL,,0.9493276465556102,0.9675027028641138,6770,6964,6931.138380102413,8,6921,1698,1161,964,3141,1300,7865.12,88.54283215004985,1.028655834564254,0.004854005893292014
2017,PHI,,0.8393483868905542,0.9973327833415844,6877,7377,7154.922434124426,8,6997,1908,1301,1100,3299,1447,8037.52,91.78204222197891,1.0727061218554603,0.03229279713182693
2017,PHX,,0.8374471484730349,0.9816545431368263,6901,6894,7527.402174878828,8,7028,1943,1211,1095,3099,1451,7998.92,86.18663519575142,0.9989856542530068,-0.09178411460351082
2017,POR,,0.8748903549268225,1.036979437628556,6893,7070,7210.0716038037,8,7038,1696,1067,1092,3185,1366,7759.24,91.11717126935113,1.0256782242855071,-0.020320847788147377
2017,SAC,,0.897668853651796,1.0313231702057493,6814,6871,6781.945506818317,8,6958,1351,1117,1028,3134,999,7641.4400000000005,89.91760715257855,1.008365130613443,0.013069341529451575
2017,SAS,,0.8622523692271693,1.0127172257836,6739,6876,6946.608596900561,8,6897,1698,1113,1061,3167,1310,7696.12,89.34372125174764,1.0203294257308206,-0.01047760749377664
2017,TOR,,0.8678907989284023,1.0312269647835572,6886,7486,7405.035432522231,8,7070,1735,1083,1046,3345,1383,7870.4,95.11587721081521,1.0871333139703747,0.011757851797526775
2017,UTA,,0.8715433141430339,1.034066498181257,6539,6909,6862.042050363265,8,6694,1710,1218,944,3089,1325,7720.4,89.49018185586239,1.0565835754702555,0.00718121266810446
2017,WAS,,0.9244453840528338,1.046932132550667,6787,7166,7044.297116828622,8,6916,1796,1165,1037,3239,1376,7834.24,91.4702638673311,1.0558420509798143,0.017931764133104145
2018,ATL,,0.9388098008133174,1.081535483240684,7324,7681,8005.325893432623,8,7419,1899,1369,1196,3350,1427,8427.56,91.14144544803004,1.0487438558164937,-0.04428261789085516
2018,BKN,,0.8900202984216015,1.0373338949139306,7097,7455,7675.567134466844,8,7272,2067,1189,1161,3261,1551,8209.48,90.80964933223542,1.050443849513879,-0.03107892552724312
2018,BOS,,0.9605571190069078,1.0484873400097672,7202,7749,7716.179106895565,8,7317,1614,1028,1026,3401,1294,8029.16,96.51071843131784,1.0759511246875868,0.004557191489091172
2018,CHA,,0.9278318026136503,1.03105234107265,7069,7313,7377.170643864807,8,7242,1867,1001,1089,3257,1484,7975.48,91.6935407022524,1.0345169047955864,-0.009077754118659933
2018,CHI,,0.916023539667066,0.9835715399870834,6931,7054,7231.741914850598,8,7105,1681,1117,952,3231,1324,8009.64,88.06887700321113,1.0177463569470495,-0.025644483458461667
2018,CLE,,0.9190025625142483,1.1123599806795552,6852,6927,7199.169204204197,8,7071,1731,1122,1114,3140,1359,7840.64,88.34737980573014,1.0109457092819614,-0.03972113312962593
2018,DAL,,0.9430757888693707,1.0535837951323377,6905,7230,7593.970601119154,8,7021,2057,1193,1099,3137,1534,8020.08,90.14872669599305,1.0470673425054309,-0.05271116598394696
2018,DEN,,0.9467917292894462,1.1054542742078208,7133,7584,7681.156138843881,8,7275,1703,1065,1231,3396,1288,7858.32,96.50917753412944,1.0632272536099818,-0.0136206559433452
2018,DET,,0.8629707308864727,1.01742834937604,6839,7073,7129.65019757522,8,7135,1949,1093,1161,3153,1451,7924.56,89.25416679285664,1.0342155285860506,-0.008283403651881835
2018,GSW,,0.9048847393695768,1.1736195946519248,7137,8097,7951.156559802521,8,7253,1675,1145,969,3568,1344,8166.0,99.15503306392358,1.1345102984447246,0.020434838194966953
2018,HOU,,0.8501278174976511,1.106832000405414,6866,7507,7672.105285859417,8,7055,1975,1098,1062,3169,1550,7960.0,94.30904522613065,1.0933585785027673,-0.024046793745909796
2018,IND,,0.9197406891213746,1.069741801189382,6844,7306,7352.269147118599,8,7031,1698,1116,1034,3345,1282,7860.12,92.9502348564653,1.0675043834015197,-0.006760541659643337
2018,LAC,,0.8933085983846673,1.0668460577980032,6901,7362,7457.940585284989,8,7087,2305,1180,1011,3349,1837,8270.2,89.01840342434282,1.0668019127662658,-0.01390241780683794
2018,LAL,,0.8999773846756678,1.0809608070482075,7147,7588,7939.460097274027,8,7336,1843,1256,1099,3461,1293,8303.92,91.37852965828188,1.0617042115572968,-0.049175891601235096
2018,MEM,,0.9236281082112202,0.9591450874083147,6611,6797,7063.257313737959,8,6818,1853,1138,941,3072,1433,7830.32,86.80360445039284,1.0281349266374225,-0.0402748924123368
2018,MIA,,0.883717875270231,1.03771774847305,6877,7167,7368.607763332033,8,7112,1733,1141,1167,3208,1218,7848.52,91.31657943153613,1.042169550676167,-0.029316237215651134
2018,MIL,,0.9131236319524375,1.083094345948235,7212,8006,8131.654900050857,8,7381,1832,1088,980,3514,1406,8295.08,96.51504265178878,1.110094287298946,-0.01742303106639721
2018,MIN,,0.9407333692514123,1.0625804222746276,7240,7466,7694.770844212106,8,7380,1954,1074,1220,3363,1535,8093.76,92.24390147471632,1.0312154696132596,-0.03159818290222454
2018,NOP,,0.9172659768077305,1.1237958125683198,7347,7823,7888.594254267985,8,7456,1851,1201,1158,3544,1416,8313.44,94.10063704074366,1.0647883489859806,-0.008928032430649923
2018,NYK,,0.9165378747700356,1.0076587130870516,6947,6840,7304.376969015777,8,7119,2012,1140,1105,3081,1521,8039.28,85.08224617129892,0.9845976680581546,-0.06684568432643975
2018,OKC,,0.8811596950758457,1.052593887032116,7485,7729,8274.94451987817,8,7601,2018,1188,1309,3445,1466,8367.92,92.36464975764586,1.0325985303941216,-0.07293847960964202
2018,ORL,,0.926448756064269,1.0075610058083275,7049,7351,7362.623320436491,8,7210,1562,1091,1031,3270,1231,7957.28,92.38081354432671,1.042842956447723,-0.001648931825293057
2018,PHI,,0.844491944527747,1.0812018106142105,7011,7503,7644.540034325339,8,7142,2224,1127,1097,3366,1700,8150.56,92.05502444003847,1.0701754385964912,-0.020188280462892404
2018,PHX,,0.8773904936130553,0.9927621747979073,6912,7142,7527.384968251365,8,7051,1878,1212,966,3242,1452,8123.32,87.91971755390652,1.033275462962963,-0.05575592711969974
2018,POR,,0.8939476253101948,0.9867048054177993,7178,7622,7798.829876051646,8,7336,1883,1082,1237,3431,1510,8009.52,95.1617575085648,1.0618556701030928,-0.024634978552750954
2018,SAC,,0.8680845617425771,1.0145258035667033,7370,7793,7723.593920461952,8,7530,1865,1138,1114,3504,1362,8374.6,93.05519069567502,1.0573948439620082,0.009417378499056755
2018,SAS,,0.8329469721367453,1.0532822284446475,7028,7569,7287.276264092274,8,7129,1666,1002,927,3420,1364,7937.04,95.36300686401984,1.0769778030734205,0.04008590436934067
2018,TOR,,0.9075568651512939,1.0619273476261293,7001,7690,7642.700657391464,8,7208,1799,1131,1030,3419,1436,8100.56,94.93170842509653,1.098414512212541,0.006756083789249519
2018,UTA,,0.8312403796145761,1.0868990727798866,6882,7443,7586.681459604851,8,7009,2097,1233,1075,3285,1545,8089.68,92.00611149019491,1.0815170008718396,-0.020877863935607484
2018,WAS,,0.9460899246738569,1.0467934921315925,7151,7614,7806.731787885289,8,7278,1934,1170,1010,3425,1488,8288.96,91.85712079681892,1.0647461893441477,-0.026951725337056233
2019,ATL,,0.9345548033396848,1.0529601230849734,5869,6068,6461.679480704246,8,5985,1607,1057,912,2690,1261,6837.08,88.7513382906153,1.0339069688192197,-0.06707777827640929
2019,BKN,,0.8639752055712295,1.1034240715683508,6324,6629,7104.8198318610075,8,6423,1707,1085,1019,2880,1283,7240.08,91.55976177058817,1.0482289690069577,-0.07524032761875514
2019,BOS,,0.927107517770758,1.0646384643797784,6229,6645,6674.7124823685235,8,6352,1645,1001,996,2935,1311,7080.8,93.84532821150152,1.0667843955691123,-0.004770024461153239
2019,CHA,,0.9197756393383615,0.9936380422985015,5377,5462,5646.577201192384,8,5502,1391,962,906,2397,1045,6170.04,88.52454765285152,1.0158080714152873,-0.03432717150685952
2019,CHI,,0.9437098120752315,1.0477810303148343,5542,5739,6142.822485889287,8,5677,1364,1036,859,2543,1030,6454.16,88.91939462300284,1.0355467340310358,-0.07286584010993996
2019,CLE,,0.9213369082811078,1.009993875641755,5447,5727,5934.302606387275,8,5623,1266,1079,915,2588,955,6344.04,90.27370571433975,1.0514044428125573,-0.03805812491045986
2019,DAL,,0.9396479685937914,1.0346594617656544,6557,7213,7165.495015966497,8,6685,1725,928,1025,3090,1346,7347.0,98.17612631005854,1.1000457526307763,0.0072449266483915215
2019,DEN,,0.9565895111416712,1.0565092986306623,6130,6616,6686.868271089714,8,6303,1478,961,1001,2984,1151,6913.32,95.6993166814208,1.0792822185970636,-0.011560892510556892
2019,DET,,0.8564807824718046,1.024038880364678,5378,5700,5662.267329129678,8,5585,1476,966,864,2562,1100,6336.4400000000005,89.95587427640757,1.0598735589438453,0.007016115818207918
2019,GSW,,0.9220051312430435,0.9806073190969271,5510,5545,5674.363272591485,8,5639,1482,965,799,2476,1176,6457.08,85.87472975400645,1.0063520871143377,-0.023477907911340277
2019,HOU,,0.8544042719589281,1.0619544434379404,6277,6743,7091.215353971074,8,6413,1835,1032,912,2895,1454,7340.4,91.86147893847748,1.0742392862832564,-0.0554748054757168
2019,IND,,0.8995290513797609,1.0988222883833298,6178,6620,6670.438485328999,8,6267,1323,956,816,2976,1037,6989.12,94.71864841353418,1.0715441890579476,-0.008164209344286076
2019,LAC,,0.821668800387065,1.0955168910300905,6139,6611,6789.190373969743,8,6244,1799,1027,964,2924,1442,7098.56,93.13156471171618,1.0768854862355433,-0.029025960900756268
2019,LAL,,0.9154722939665175,1.096758555450537,6017,6550,6836.738272885824,8,6189,1633,1077,970,2975,1206,7014.52,93.37773646664347,1.0885823500083098,-0.047654690524484594
2019,MEM,,0.89877560098231,1.019111120651082,6469,6897,7019.537973760841,8,6544,1615,1091,972,3064,1227,7373.6,93.5364001301942,1.0661616942340393,-0.018942336336503468
2019,MIA,,0.829959580971641,1.0598003869542547,5838,6479,6351.003122453947,8,5980,1825,1013,822,2805,1433,6974.0,92.90220820189275,1.1097978759849263,0.02192478203940612
2019,MIL,,0.9198107718573142,1.101779624297762,6463,7134,7253.84830918394,8,6564,1709,1038,873,3121,1281,7480.96,95.36209256566002,1.1038217546031255,-0.018543758190304783
2019,MIN,,0.9392838222944728,1.0144717748890753,5673,5871,6170.868113831941,8,5773,1602,981,882,2552,1207,6576.88,89.26725134106141,1.0349021681649921,-0.05285882493071403
2019,NOP,,0.8676832764735282,1.0600207275442526,6408,6937,7064.004220636761,8,6498,1634,1160,1030,3021,1195,7346.96,94.42000500887443,1.082553058676654,-0.01981963493083032
2019,NYK,,0.8905325777032503,1.0476541250982916,5682,5740,6088.887421551909,8,5803,1560,857,1021,2604,1094,6325.4,90.74524931229647,1.0102076733544527,-0.06140222132205368
2019,OKC,,0.8909875819748818,1.039457449514056,5832,6257,6220.995132426115,8,5975,1744,959,776,2809,1398,6925.36,90.34909376552265,1.0728737997256517,0.0061736741381833585
2019,ORL,,0.9368481327313815,1.0366749085516838,6212,6361,6545.488508019414,8,6344,1627,902,953,2818,1257,7008.88,90.75629772517149,1.0239858338699293,-0.02969872955882396
2019,PHI,,0.887560533526134,1.0678767111642407,6198,6687,6673.825782287164,8,6337,1653,983,981,2967,1252,7066.32,94.63200081513433,1.0788964181994192,0.0021255594890022995
2019,PHX,,0.910801503289537,1.0408973984454728,6245,6692,6850.277100649482,8,6338,1777,1113,903,2973,1467,7329.88,91.29753829530634,1.0715772618094475,-0.02534461179335184
2019,POR,,0.8907198813500269,1.0206773115054029,6505,6985,7015.361038048814,8,6660,1654,928,986,3083,1323,7329.76,95.2964353539543,1.0737893927747886,-0.0046673386700713925
2019,SAC,,0.8894802825158639,1.0610996725261945,6145,6617,6593.6844014193375,8,6272,1485,1029,882,2904,1144,7072.4,93.56088456535264,1.0768104149715216,0.0037942389879027636
2019,SAS,,0.8715030723725098,1.0369295861342016,6163,6607,6529.375900820149,8,6255,1641,904,799,2960,1318,7082.04,93.29232819921943,1.072042836281032,0.012595180785307695
2019,TOR,,0.9270412726054192,1.088224263986242,5992,6484,6714.728633820892,8,6132,1665,1012,862,2819,1311,7014.6,92.4357768083711,1.082109479305741,-0.038506113788533435
2019,UTA,,0.8717418415601449,1.0915461886271653,5925,6552,6362.182837947907,8,6037,1653,1045,858,2848,1282,6951.32,94.25547953482216,1.1058227848101265,0.032036651823138126
2019,WAS,,0.9150616861050412,1.049226443021187,6343,6697,6703.983104261881,8,6438,1796,1065,940,2948,1411,7353.24,91.07549869173317,1.0558095538388774,-0.0011009150657229586
2020,ATL,,0.8423522071511238,1.1173887757615577,6022,6564,6511.411926634961,8,6177,1760,871,954,2901,1416,6868.4,95.56810902102383,1.0900033211557623,0.008732659143978617
2020,BKN,,0.9158501229035219,1.1030858909740766,6061,7018,6844.472014187704,8,6191,1634,958,817,3063,1299,7050.96,99.5325459228247,1.1578947368421053,0.028630256692343807
2020,BOS,,0.9126311856949022,1.0955542606806563,6165,6758,6459.331263953236,8,6313,1507,1011,996,2946,1179,6991.08,96.66603729323653,1.0961881589618816,0.04844586148366002
2020,CHA,,0.9265297647029548,1.0369904323769206,6084,6485,6489.532222162196,8,6222,1440,1055,963,2839,1098,6947.6,93.34158558351085,1.0659105851413544,-0.0007449411837929613
2020,CHI,,0.9071689183965068,1.0234802807092696,6134,6784,6671.408107478633,8,6290,1265,1089,891,3003,993,7044.6,96.30071260256082,1.1059667427453537,0.018355378630806538
2020,CLE,,0.8687843512742737,1.102690160810562,5853,5992,6414.819861418633,8,6092,1604,1111,953,2752,1189,6955.76,86.14443281539327,1.0237485050401502,-0.07223985330918044
2020,DAL,,0.9506369630180476,1.0752069546868157,6073,6735,6620.666309932183,8,6192,1540,908,848,2914,1195,6929.6,97.19175709997691,1.1090070805203358,0.018826558548957165
2020,DEN,,0.9383521283265686,1.09023585144334,6143,6914,6625.666978365257,8,6328,1406,947,959,3080,1119,6934.64,99.70236378528662,1.1255087090997884,0.046936842200023296
2020,DET,,0.8825451192112859,1.0785802784362488,5806,6095,6048.003646669098,8,6030,1662,1055,887,2740,1267,6929.28,87.96007666020135,1.0497760936961764,0.00809444597500894
2020,GSW,,0.934071295635648,0.9784539083449092,6122,6780,6659.700997996278,8,6253,1509,1100,760,2947,1182,7256.96,93.42755093041714,1.1074812152891211,0.019650278014329028
2020,HOU,,0.9587177542742273,1.0654018348966259,6101,6405,6643.198895146783,8,6268,1612,1071,867,2782,1187,7181.28,89.19022792594077,1.0498278970660548,-0.0390425987783614
2020,IND,,0.9102670152780746,1.0620078728205116,6373,6961,7128.823679058686,8,6470,1483,960,867,3071,1178,7215.52,96.4726034991241,1.092264239761494,-0.02633354449375273
2020,LAC,,0.8957456207653411,1.0434657475129694,6007,6830,6464.7571130642555,8,6151,1422,934,868,2962,1182,6842.68,99.81469248890785,1.137006825370401,0.060802877798525806
2020,LAL,,0.8954746277094624,1.0850233795949276,5915,6390,6462.927999050113,8,6107,1615,1141,908,2884,1212,7050.6,90.63058463109522,1.0803043110735417,-0.012329332045665714
2020,MEM,,0.9059433377615349,1.08153395261374,6431,6839,6982.7099985642935,8,6528,1530,900,1030,3057,1193,7071.2,96.71625749519177,1.0634426994246617,-0.022346446674590816
2020,MIA,,0.8229295494479665,1.1071927059360247,5780,6339,6333.019488729047,8,5946,1506,960,768,2793,1181,6800.64,93.21181535855449,1.096712802768166,0.0010346905313067085
2020,MIL,,0.91494801933312,1.0968410967510567,6409,7272,7102.485548810753,8,6522,1477,929,922,3185,1135,7178.88,101.29713827226531,1.1346543922608832,0.026449438475463685
2020,MIN,,0.9536578814584014,1.0397567776624994,6334,6634,6944.38508731065,8,6450,1659,1002,995,2901,1287,7186.96,92.30606542961141,1.0473634354278496,-0.04900301346868492
2020,NOP,,0.8190061810484978,1.0804630707019263,6184,6647,6702.49991051996,8,6326,1820,988,1047,3018,1335,7067.8,94.04623786751182,1.0748706338939198,-0.00897475913970899
2020,NYK,,0.902061214809151,0.98210075033017,5952,6271,6165.245141875881,8,6126,1472,889,891,2796,1149,6771.68,92.60626609644873,1.053595430107527,0.017767953313864077
2020,OKC,,0.9547966246677815,0.8314289538448191,6108,6253,6389.298251250536,8,6241,1531,1133,913,2761,1113,7134.64,87.64282430508055,1.0237393582187295,-0.022314710420847404
2020,ORL,,0.9486939988271578,0.9960157189721367,6171,6072,6237.270647972062,8,6320,1535,913,925,2706,1187,6983.4,86.94905060572215,0.983957219251337,-0.026781825955608792
2020,PHI,,0.8663306331178121,1.1231016080573002,5986,6531,6473.7495896442015,8,6168,1795,972,930,2940,1376,6999.8,93.30266579045116,1.0910457734714334,0.009564051178716759
2020,PHX,,0.8489563217299277,1.1166416147524405,6102,6966,6594.646122227101,8,6254,1358,891,793,3077,1131,6949.52,100.2371386800815,1.1415929203539823,0.06085773152620437
2020,POR,,0.8737355448317292,1.0791079038949514,6351,6907,6967.466133665464,8,6451,1567,764,984,2928,1285,6920.48,99.8052158231799,1.0875452684616596,-0.009520726447089347
2020,SAC,,0.877854100796736,1.085761996456938,6144,6816,6590.284955611762,8,6289,1578,930,850,3027,1191,7063.32,96.49853043611219,1.109375,0.03673747467256483
2020,SAS,,0.8556612053366104,1.1008353455393267,6313,6563,6654.189466369212,8,6415,1518,822,861,2968,1197,7043.92,93.17255164737817,1.0396008236971328,-0.014444711922891163
2020,TOR,,0.9452604225365764,1.0867135379018575,6104,6529,6497.380676796622,8,6277,1549,938,879,2828,1264,7017.56,93.03803601251717,1.0696264744429882,0.005180098820999078
2020,UTA,,0.8704463303517822,1.1158573389438708,6138,6943,6728.865324665239,8,6238,1520,993,959,2923,1201,6940.8,100.03169663439373,1.1311502117953731,0.03488671804085381
2020,WAS,,0.8868491806299211,1.043077116190157,6351,6780,6570.207443971341,8,6451,1800,1102,874,3078,1386,7471.0,90.75090349350823,1.067548417572036,0.03303299575321358
2021,ATL,,0.8877671884406767,1.0974158039805864,6989,7639,7640.900305324581,8,7107,1831,999,1029,3346,1483,7882.64,96.90915733815066,1.0930032908856775,-0.0002718994598054923
2021,BKN,,0.8848800719185501,1.134702020809043,6928,7542,7689.204245556388,8,7142,1758,1145,1069,3392,1421,7991.52,94.37503753979217,1.0886258660508084,-0.02124772597522919
2021,BOS,,0.9286153906050274,1.092830762528954,6856,7486,7362.419005988295,8,7065,1671,1126,1061,3302,1350,7865.24,95.17827809450189,1.0918903150525088,0.01802523249879013
2021,CHA,,0.9321798829053543,1.0764063194362803,7216,7896,7972.879192282571,8,7390,1688,1115,1110,3465,1272,8137.72,97.02963483629321,1.0942350332594235,-0.010653990061331935
2021,CHI,,0.8783328878371137,1.0908758248717463,6864,7493,7532.692395157372,8,7011,1731,1025,936,3375,1396,7861.64,95.31090205097155,1.091637529137529,-0.005782691602181195
2021,CLE,,0.8636620962428657,1.0565577502171373,6558,7145,7260.634208045456,8,6844,1755,1192,1017,3212,1347,7791.2,91.7060273128658,1.0895089966453186,-0.017632541635476676
2021,DAL,,0.8702591130608733,1.1617917821819579,6689,7236,7354.148409252838,8,6862,1697,1003,971,3170,1299,7640.68,94.70361276745002,1.0817760502317237,-0.01766309003630409
2021,DEN,,0.9354724607578275,1.120826654263075,6764,7593,7481.304271507552,8,6965,1748,1137,974,3364,1390,7897.12,96.14897582916304,1.1225606150206977,0.016513265596163264
2021,DET,,0.9297319195833529,1.0409503238163387,6937,6913,7161.8486202554905,8,7143,1785,1119,1137,3086,1407,7910.4,87.39128236245955,0.996540291192158,-0.03587265680488547
2021,GSW,,0.9152252436538273,1.1323195102941916,6814,7584,7515.866019147654,8,6972,1703,1147,1026,3270,1300,7842.32,96.70607677319977,1.1130026416201937,0.009999116649889377
2021,HOU,,0.9506298436335088,1.086946882227735,6788,7320,7548.606242080319,8,6966,2034,1397,1046,3188,1459,8211.96,89.13828123858374,1.0783736004714202,-0.033677996770818966
2021,IND,,0.9097886266505761,1.0917706281751167,7099,7564,7739.177117971147,8,7232,1731,1149,1229,3355,1329,7913.64,95.58180559135872,1.0655021834061136,-0.024676309053549346
2021,LAC,,0.8956256577577569,1.1496852597816,6898,7349,7367.767811343747,8,7050,1592,1121,978,3230,1257,7893.48,93.10215519644062,1.065381269933314,-0.002720761284973452
2021,LAL,,0.9215010679303145,1.0427786842597013,6959,7485,7569.559287568964,8,7185,1890,1192,1030,3377,1376,8178.6,91.51933093683515,1.0755855726397472,-0.012151068769789273
2021,MEM,,0.9361549270070589,1.0475586425633168,7468,7845,8169.163861888866,8,7648,1872,1024,1433,3530,1387,8062.68,97.3001532989031,1.0504820567755757,-0.04340705167231741
2021,MIA,,0.8153465972010723,1.0872057647538351,6653,7357,7176.950859849352,8,6855,1779,1195,1029,3197,1430,7803.76,94.27506740340553,1.105816924695626,0.027062849864820063
2021,MIL,,0.9128998402519086,1.1472800114381394,7096,7804,7812.6901842111265,8,7224,1853,1066,1074,3385,1433,8031.32,97.16958109003254,1.0997745208568208,-0.0012246595562466892
2021,MIN,,0.9284856278069449,1.074121427549533,7198,7808,8103.582068050791,8,7344,1828,1159,1173,3376,1423,8134.32,95.9883555109708,1.0847457627118644,-0.0410644718047779
2021,NOP,,0.8876914634135525,1.1075874998522457,6910,7268,7427.272822689731,8,7100,1824,1095,1204,3253,1436,7793.56,93.25648355821986,1.051808972503618,-0.023049612545547132
2021,NYK,,0.8824951149766759,1.0648671245274304,6779,7022,7398.241632260095,8,6969,1965,1046,1178,3042,1459,7701.6,91.17585956164952,1.035845994984511,-0.0555010521109448
2021,OKC,,0.9525753879125599,1.01409583500669,7031,7064,7235.542756556455,8,7171,1672,1135,1062,3094,1284,7979.68,88.52485312694243,1.004693500213341,-0.02439805953014579
2021,ORL,,0.943689893336734,0.9802532786950493,6965,7034,7363.758671710387,8,7136,1655,1197,1005,3094,1295,8056.2,87.31163575879447,1.0099066762383346,-0.04734510720895719
2021,PHI,,0.9049153341564987,1.0973654626173805,6597,7118,7198.169042115893,8,6834,1901,990,917,3195,1544,7743.4400000000005,91.92296963623401,1.0789752917993027,-0.012152348357722118
2021,PHX,,0.8798902020302586,1.156588444245524,7106,7870,7605.947666105811,8,7296,1610,1050,1012,3540,1273,8042.4,97.85636128518851,1.1075147762454265,0.037159067533660196
2021,POR,,0.8923918295736231,1.1035907579289495,6910,7179,7541.529118534221,8,7051,1787,1162,1073,3126,1359,7926.28,90.57212210519941,1.0389290882778581,-0.052464416575140546
2021,SAC,,0.9187506541273793,1.1214658397164774,6931,7306,7469.421350706383,8,7099,1842,1131,1015,3273,1426,8025.48,91.03505335506412,1.054104746789785,-0.02357832213336939
2021,SAS,,0.9037355857849899,1.0508190386553735,7358,7793,7829.735867417012,8,7502,1654,1060,1187,3511,1258,8102.76,96.17710508518084,1.059119325903778,-0.004992643030308757
2021,TOR,,0.9160166265329268,1.0570305983584025,7168,7382,7628.251202166735,8,7379,1726,994,1362,3287,1306,7770.4400000000005,95.00105528129681,1.0298549107142858,-0.034354241373707496
2021,UTA,,0.8581395017628087,1.0967774508359374,6785,7605,7414.001428292122,8,6982,1897,1059,1135,3284,1459,7740.68,98.24718241808212,1.1208548268238763,0.028150121106540603
2021,WAS,,0.9092345367449013,1.0693124416756878,6795,7275,7193.565872542629,8,6939,1804,1072,932,3289,1422,7872.76,92.4072371061737,1.0706401766004414,0.011984419051857362
2022,ATL,,0.8743349862870546,1.1067303666744617,7326,7987,8085.732769163582,8,7456,1852,1080,1144,3604,1511,8206.88,97.32078451250659,1.0902265902265902,-0.013477036467865399
2022,BKN,,0.8612253249262413,1.1733893517451939,6665,7532,7511.965741851305,8,6866,1830,1100,841,3347,1446,7930.2,94.97868906206654,1.1300825206301575,0.0030058901948529317
2022,BOS,,0.954397022439167,1.0773310016039308,6981,7970,7628.161851363209,8,7164,1772,1078,970,3418,1423,8051.68,98.98555332551715,1.1416702478154992,0.048966931476406066
2022,CHA,,0.9098137265208474,1.0875947757923388,7156,7420,7817.333508178288,8,7298,1912,1122,1136,3337,1440,8125.28,91.31992989780045,1.0368921185019564,-0.05552452601708887
2022,CHI,,0.90311847880722,1.0837850229184125,6853,7602,7658.901224247001,8,6991,1732,1091,874,3428,1401,7970.08,95.38172766145384,1.1092951991828397,-0.00830311166598581
2022,CLE,,0.8811875928804722,1.1038867036982347,6629,7433,7486.537092365636,8,6885,1794,1196,981,3373,1401,7889.36,94.21550037011875,1.1212852617287676,-0.008076194352939577
2022,DAL,,0.9373907479502521,1.0646710472710639,6645,7530,7415.4670212683195,8,6804,2032,1008,858,3238,1549,7848.08,95.94703417906035,1.1331828442437923,0.01723596369175026
2022,DEN,,0.922035282912017,1.0902512670774505,6797,7836,7669.231201926068,8,6992,1799,1154,1044,3523,1360,7893.56,99.27079796695027,1.1528615565690745,0.024535647796664995
2022,DET,,0.8975752853348757,1.0083200026391541,6871,7200,7217.883370844091,8,7030,2151,1188,1164,3209,1669,8000.4400000000005,89.99505027223502,1.047882404307961,-0.002602731894060643
2022,GSW,,0.8977797040143477,1.0881414902145765,7133,8201,7870.153905547346,8,7288,1676,1329,1079,3492,1331,8275.44,99.10047079067698,1.1497266227393803,0.046382461019578596
2022,HOU,,0.9182509607961994,1.0651780236862378,7002,7257,7428.245537650334,8,7171,2062,1287,1396,3281,1565,7969.28,91.06217876646322,1.0364181662382177,-0.02445666061844244
2022,IND,,0.9406795573036866,1.0700785347463655,7081,7755,7921.741584540097,8,7222,1909,1203,1127,3385,1525,8137.96,95.2941523428476,1.0951842960033893,-0.02354774530999822
2022,LAC,,0.8801505902604142,1.0628414812442637,6747,7507,7359.571705849266,8,6957,1919,1094,1012,3332,1494,7883.36,95.22589352763289,1.1126426559952571,0.021850940292090344
2022,LAL,,0.9260627093979641,1.0663412564212587,7051,7692,7687.9598839910395,8,7193,2126,1155,1049,3481,1644,8234.44,93.41254535827572,1.0909090909090908,0.0005729848261183474
2022,MEM,,0.9298762388012565,1.034181255689872,7283,7939,8186.592205145394,8,7452,1900,1088,1234,3542,1412,8142.0,97.50675509702775,1.0900727722092545,-0.033995908986048824
2022,MIA,,0.83104908277506,1.112446157020749,6659,7123,7199.116093294793,8,6884,1889,1132,1032,3176,1549,7815.16,91.14336750623147,1.0696801321519747,-0.011430559137226797
2022,MIL,,0.895818463997978,1.1247393658984863,7147,7994,8038.849701690218,8,7305,1819,1121,1137,3463,1353,8089.36,98.82116755837298,1.118511263467189,-0.006275318551870484
2022,MIN,,0.9107533252352193,1.1067766586820427,6916,7816,7689.945444055758,8,7068,1918,1231,977,3466,1472,8165.92,95.71487352313028,1.1301330248698669,0.018226511848502262
2022,NOP,,0.8758762117343645,1.0618418967171976,6916,7581,7556.8094935121135,8,7067,1993,1115,1100,3399,1567,7958.92,95.25161705357009,1.0961538461538463,0.0034977597582253506
2022,NYK,,0.8843065429943572,1.0569079009759488,7020,7628,7773.65242587244,8,7227,2057,1052,1262,3401,1567,7922.08,96.28784359663118,1.0866096866096866,-0.020748208813737932
2022,OKC,,0.904330290010903,0.9814131974742224,7336,7850,7912.334265411338,8,7465,1965,1217,1193,3485,1587,8353.6,93.97146140586095,1.0700654307524538,-0.008497037269811557
2022,ORL,,0.9503630150174595,1.0281943137753986,6835,7322,7272.946607773576,8,6961,1996,1192,1073,3273,1570,7958.24,92.00526749633084,1.0712509144111193,0.007176794766119088
2022,PHI,,0.9066555300610017,1.0634294068541454,6535,7433,7203.920442445547,8,6776,1983,1027,909,3302,1641,7766.52,95.70566997831719,1.1374139250191277,0.0350542551728313
2022,PHX,,0.8962495400613536,1.1075524548242501,7089,7612,7682.630578546347,8,7290,1837,1120,1219,3414,1457,7999.28,95.15856427078437,1.0737762730991678,-0.009963405070721873
2022,POR,,0.9214375090957071,1.061984811815472,6733,7452,7499.587790490601,8,6917,1983,1140,986,3276,1581,7943.52,93.81231494350111,1.1067874647259766,-0.007067843530462058
2022,SAC,,0.8952399763226642,1.1010401229019176,7005,8058,7753.646602826408,8,7114,2024,1137,1012,3521,1592,8129.56,99.11975555872642,1.150321199143469,0.043448022437343664
2022,SAS,,0.9501154295323608,1.074809479382996,7353,7781,7917.972355552454,8,7478,1718,1244,1244,3482,1269,8233.92,94.49933931833198,1.0582075343397253,-0.018628091330403135
2022,TOR,,0.9301546126555565,1.0411955339517,7194,7490,7903.516127350742,8,7374,1913,928,1313,3384,1511,7830.72,95.64893138817375,1.0411453989435642,-0.057480696045418674
2022,UTA,,0.8936479614193336,1.038778240940608,7122,7852,7637.428949295745,8,7264,1939,1208,1224,3442,1505,8101.16,96.92439107485842,1.1024992979500141,0.030127920626826028
2022,WAS,,0.911667760044467,1.001744655009333,6837,7615,7285.28224095937,8,7018,1827,1074,1013,3411,1437,7882.88,96.60174961435415,1.1137925990931694,0.04822550227301886
2023,ATL,,0.8858098435544739,1.0910347724893834,7326,7973,8140.9382652194145,8,7444,1930,1150,1257,3474,1547,8186.2,97.39561701399917,1.0883155883155884,-0.0229235961260462
2023,BKN,,0.9043626413185507,1.0846130168479617,6990,7481,7699.065566205541,8,7204,1668,1019,1160,3290,1257,7796.92,95.94814362594461,1.0702432045779686,-0.03119679058734486
2023,BOS,,0.9444519040485841,1.133634232019985,7110,8302,7947.344645348721,8,7284,1637,903,1088,3556,1313,7819.28,106.17345842583971,1.1676511954992967,0.049881203185833854
2023,CHA,,0.9254759998682953,1.068673740111526,6832,7272,7365.751842157869,8,7018,1556,1130,969,3237,1221,7863.64,92.47625781444725,1.0644028103044496,-0.013722459332240757
2023,CHI,,0.8651556863183374,1.1160913506513095,7031,7562,7780.398795971665,8,7212,1736,1033,1134,3384,1356,7874.84,96.0273478572263,1.0755226852510311,-0.03106226652989121
2023,CLE,,0.8664684838558523,1.1470117055670066,6847,7682,7868.302552660585,8,7050,1636,1104,1030,3388,1250,7843.84,97.9367248694517,1.1219512195121952,-0.02720936945532134
2023,DAL,,0.9141187831129274,1.1207965102972615,7094,8034,8038.239175600904,8,7239,1770,1088,1018,3483,1345,8087.8,99.33480056381217,1.1325063433887792,-0.0005975719764454135
2023,DEN,,0.9163994419249688,1.1671359075956993,6913,7799,7826.622027504813,8,7172,1628,949,1093,3556,1256,7744.32,100.70606586504691,1.128164328077535,-0.003995664328773709
2023,DET,,0.896703796732208,1.0385228229004237,6945,7358,7344.615839874106,8,7130,1794,1173,1090,3306,1416,8002.36,91.94787537676386,1.0594672426205904,0.0019271648849378958
2023,GSW,,0.9266965783361736,1.1463064520962432,7194,8055,7935.5770039979,8,7381,1696,1171,1246,3526,1319,8052.24,100.03427617656702,1.1196830692243536,0.01660036085656106
2023,HOU,,0.9161600773695915,1.000097714555759,7196,7669,7670.271507940601,8,7348,1901,1052,1200,3381,1486,8036.4400000000005,95.42782625142475,1.0657309616453585,-0.00017669648979998798
2023,IND,,0.9247847173877078,1.1083821082667815,7351,8552,8258.769614032028,8,7483,1658,1038,1087,3809,1300,8163.52,104.75873152757633,1.163379132090872,0.03988986341558595
2023,LAC,,0.9019338546004413,1.1050124894793596,6783,7665,7500.145720656006,8,6988,1783,1020,1011,3420,1469,7781.52,98.50260617462911,1.130030959752322,0.02430403646527993
2023,LAL,,0.9155103926933805,1.1421556113414806,6865,7816,7686.073147671628,8,7085,1892,1133,905,3530,1469,8145.48,95.95505728330313,1.138528769118718,0.018925979945866242
2023,MEM,,0.953359076252591,1.096265642961072,6933,7106,7628.308261554588,8,7123,1703,1225,1165,3095,1308,7932.32,89.58287108941647,1.0249531227462858,-0.07533654428884871
2023,MIA,,0.8872784044731169,1.0597579838101234,6670,7280,7147.766777465006,8,6913,1789,1026,942,3217,1467,7784.16,93.52325748699924,1.091454272863568,0.019825070844826646
2023,MIL,,0.8632970431226193,1.1214714694137422,6938,7929,7832.577000485505,8,7138,1935,998,971,3484,1508,8016.4,98.90973504316153,1.1428365523205535,0.01389780909692925
2023,MIN,,0.8812460793169106,1.1451893610150738,6694,7534,7447.683736472973,8,6872,1822,1122,1001,3341,1413,7794.68,96.65566771182395,1.1254855094114131,0.012894571784736679
2023,NOP,,0.8253715626195313,1.1166730206282487,6890,7760,7580.385487252798,8,7054,1822,1002,1032,3445,1423,7825.68,99.16071191257501,1.1262699564586358,0.026068869774630167
2023,NYK,,0.8922609848186366,1.0938867101875904,6923,7523,7748.06630763184,8,7150,1749,1073,1285,3342,1358,7707.56,97.60546787829092,1.0866676296403293,-0.03250993899058785
2023,OKC,,0.9191390804339463,1.080337329416443,7055,8112,7809.166026638126,8,7215,1753,1097,900,3601,1434,8183.32,99.12847108508528,1.149822820694543,0.04292473045526209
2023,ORL,,0.920127505647005,1.0512113568310006,6643,7242,7157.9946144117475,8,6864,1985,1184,1117,3268,1519,7804.4,92.79380862077802,1.090170103868734,0.012645700073498791
2023,PHI,,0.9192529799594676,1.1288707106323186,6996,7496,7745.301120076469,8,7212,1882,955,1150,3359,1552,7845.08,95.55033218271835,1.0714694110920526,-0.035634808472908605
2023,PHX,,0.8586666884334232,1.1523817055443197,6733,7653,7532.65378119549,8,6956,1891,1168,1036,3443,1512,7920.04,96.62829985707143,1.1366404277439477,0.01787408566827708
2023,POR,,0.9155231660999159,1.087098307762105,7039,7131,7475.538512954541,8,7229,1717,1239,1312,3184,1359,7911.48,90.13484202702908,1.0130700383577214,-0.04894708239160977
2023,SAC,,0.9086951853293784,1.1537968508203615,7129,7981,7761.947879785552,8,7328,1710,1055,1121,3493,1290,8014.4,99.58325014973049,1.11951185299481,0.030726907029660293
2023,SAS,,0.952995287164968,1.0419481250211409,7176,7698,7949.519685419715,8,7339,1603,1261,1085,3397,1242,8220.32,93.64598945053234,1.0727424749163879,-0.03505012338624787
2023,TOR,,0.9231568979127611,1.0360254807182354,7065,7601,7930.138025113834,8,7241,1700,1131,1118,3419,1294,8002.0,94.98875281179706,1.0758669497523001,-0.04658712315836297
2023,UTA,,0.9253552781669354,1.1113828096104443,7104,7711,7672.488777947702,8,7260,1799,1198,1267,3394,1485,7982.56,96.59808382273354,1.0854448198198199,0.005421061662767152
2023,WAS,,0.9028518503016436,1.1001007214017409,7201,7790,7889.313228356191,8,7366,1648,1132,950,3480,1255,8273.12,94.16036513431449,1.0817941952506596,-0.0137915884399654
2024,ATL,,0.901445542337521,1.1141928769135534,7242,7943,8220.41248180685,8,7411,1909,1305,1186,3507,1489,8369.96,94.89890035316778,1.0967964650648991,-0.03830605934919226
2024,BKN,,0.9074362097490979,1.0592633470786346,6666,6932,7193.745576318221,8,6948,1727,1230,1137,3046,1350,7800.88,88.86176944139635,1.03990399039904,-0.0392657630240355
2024,BOS,,0.9393841645257327,1.1675683495106264,7064,7961,7881.116307303606,8,7271,1557,925,1163,3369,1247,7718.08,103.1474149011153,1.1269818799546998,0.011308563518742081
2024,CHA,,0.902083407849706,1.0737611642842693,6979,7050,7564.586937679944,8,7203,1619,1224,1292,3094,1269,7847.36,89.83913061207846,1.0101733772746813,-0.07373362053015385
2024,CHI,,0.9484806069343514,1.0971413308259061,7258,8070,8250.35471124398,8,7401,1637,1158,1031,3488,1312,8248.28,97.8385796796423,1.111876550013778,-0.02484909220776787
2024,CLE,,0.8626940442785984,1.1247842289015064,7172,8338,8269.66830028292,8,7354,1791,1106,1142,3617,1385,8106.04,102.86156989109357,1.1625766871165644,0.009527565493179097
2024,DAL,,0.9121542724894522,1.1134323128283676,6902,7641,7709.460064005651,8,7085,1833,1101,1033,3387,1419,7959.52,95.99825115082315,1.1070704143726455,-0.009918873370856356
2024,DEN,,0.9368948247942588,1.1114160301252531,7070,8168,7974.976880680817,8,7251,1908,1103,1141,3678,1476,8052.52,101.434085230462,1.1553041018387553,0.027301714189417684
2024,DET,,0.842983762005846,1.0834331665526051,7075,7794,7782.603867767812,8,7249,1843,1207,1186,3461,1428,8080.92,96.44941417561367,1.101625441696113,0.0016107607395319282
2024,GSW,,0.9228699842553574,1.1134396897089553,7097,7666,7842.47665493262,8,7285,1817,1119,1274,3293,1385,7929.48,96.67720960264734,1.0801747217134001,-0.0248663738104297
2024,HOU,,0.8944267622607525,1.061125163436069,7334,7731,7860.211263483721,8,7551,1859,1077,1529,3432,1385,7916.96,97.6511186111841,1.0541314425961277,-0.017618116100861912
2024,IND,,0.9252883893754777,1.1551604955364183,7078,7986,7856.196249630579,8,7201,1752,1064,943,3519,1380,8092.88,98.67933294451419,1.1282848262220966,0.01833904356731016
2024,LAC,,0.8739090583454189,1.1670730833003709,6743,7553,7451.406128893344,8,6960,1757,1135,1009,3353,1378,7859.08,96.10539656041165,1.1201245736319145,0.01506656845716381
2024,LAL,,0.930782157288458,1.1256365860505515,6693,7516,7456.060837684634,8,6914,1850,1126,1001,3319,1449,7853.0,95.7086463771807,1.122964291050351,0.008955500121823704
2024,MEM,,0.9369290894727694,1.0758946692543452,7394,8248,8126.982378112256,8,7565,1840,1294,1335,3625,1447,8333.6,98.97283286934818,1.1154990532864484,0.016367003230693008
2024,MIA,,0.910226561810335,1.0995500946863241,6822,7448,7570.613465414053,8,7044,1624,1121,996,3282,1279,7883.56,94.47508486013932,1.0917619466432131,-0.017973243244510887
2024,MIL,,0.8518146883493157,1.1426943434613466,6782,7778,7672.502827693119,8,6990,1851,1032,868,3399,1394,7968.4400000000005,97.61007173298663,1.1468593335299322,0.01555546627939857
2024,MIN,,0.901071653475125,1.1237672445838072,6911,7706,7772.3362812427085,8,7083,1785,1198,1154,3324,1403,7912.4,97.39143622668217,1.1150340037621183,-0.009598651605080095
2024,NOP,,0.8584352249491347,1.0908214816421642,7044,7365,7755.279448132594,8,7248,1781,1165,1231,3287,1357,7965.64,92.45961404231173,1.0455706984667803,-0.055405940961469856
2024,NYK,,0.9201978726517548,1.0964098540595424,6984,7799,8022.995022459477,8,7204,1605,1090,1136,3508,1288,7864.2,99.17092647694616,1.1166953035509737,-0.032072597717565404
2024,OKC,,0.8963787264036812,1.1892407751614662,7358,8293,8250.544521127216,8,7487,1652,1054,1106,3608,1352,8161.88,101.60649262179793,1.1270725740690406,0.005769975383634645
2024,ORL,,0.9547670671982538,1.0729470358119502,6673,6834,7161.640489833731,8,6919,1896,1170,1185,3083,1484,7738.24,88.3146555289058,1.024127079274689,-0.04909942901749309
2024,PHI,,0.954171532787569,1.0554296169950932,6857,7297,7554.750097295488,8,7043,1795,1095,1085,3208,1407,7842.8,93.04075075228234,1.064168003500073,-0.03758933896682042
2024,PHX,,0.8910291456311308,1.15885817708756,6731,7651,7403.176401342946,8,6976,1748,1110,969,3341,1412,7886.12,97.01855919007065,1.1366810280790374,0.03681824374640535
2024,POR,,0.9422551996018893,1.0260566071217725,7113,7463,7823.862277343856,8,7287,1751,1307,1364,3279,1357,8000.4400000000005,93.28236946967917,1.0492056797413187,-0.05073278185629911
2024,SAC,,0.8963461410288601,1.1076142560267148,7058,7807,7572.5626774899665,8,7249,1709,1090,1116,3468,1373,7974.96,97.89390793182662,1.1061207140833098,0.03321582920232835
2024,SAS,,0.914657315838069,1.073190872916155,7067,7725,7958.07531725467,8,7257,1646,1073,1095,3379,1269,7959.24,97.05700544273071,1.0931088156219047,-0.032980800517145914
2024,TOR,,0.8996681803298753,1.097884466826239,7169,7528,8012.849198942455,8,7350,1720,1280,1265,3362,1284,8121.8,92.68881282474328,1.0500767192076998,-0.06763135708501251
2024,UTA,,0.9461587334407197,1.048855537833619,6972,7444,7517.815435598115,8,7155,1757,1339,1226,3259,1337,8041.08,92.57462927865411,1.0676993689041883,-0.010587411875805374
2024,WAS,,0.9128538292534691,1.0679944225482114,7088,7310,7663.027607629274,8,7252,1712,1212,1115,3185,1323,8102.28,90.22151789372869,1.0313205417607223,-0.04980637805153413
