top_n,outcome,n,r2,per_sd,estimate,std_error,t
3,PTS_PER_FGA,215,0.5349178994938979,0.003429604130053608,0.06177196271755129,0.0357162428730713,1.7295201776143432
3,PTS_VS_XPTS,215,0.15632952450319915,0.000812902712821571,0.014641513762296958,0.0348328359116379,0.42033654105679996
3,ORTG_FG,215,0.6397973471014364,0.4817103497611633,8.67627651405938,3.3781119241129063,2.5683804175131866
4,PTS_PER_FGA,262,0.49658240352999905,0.0013872654219102749,0.02987227780215292,0.042122923029726596,0.7091691566862949
4,PTS_VS_XPTS,262,0.1658153678789197,-0.00046407446223809614,-0.009993012899991216,0.03958596995039649,-0.2524382480083989
4,ORTG_FG,262,0.5962754032602878,0.3128012933619291,6.735615971248963,3.935517030041152,1.7114945558191452
8,PTS_PER_FGA,270,0.5029099190980534,-0.0009751168738936468,-0.029587097175061184,0.05872496059320391,-0.5038248961972948
8,PTS_VS_XPTS,270,0.17213445631885427,-0.001141194135763052,-0.0346262306543923,0.05590043766894184,-0.6194268255905009
8,ORTG_FG,270,0.5782814372056384,0.18338629976693,5.564326099817694,5.638824886063968,0.986788242630057
