SEASON,TEAM,BLOCK,PREMATURE,N_SHOTS,MEAN_SHOT_VALUE,MEAN_SECOND,PPP,N_POSS,NEXT_BLOCK,NEXT_PPP,NEXT_N_POSS
2017,ATL,0,0.13146139119336311,1567,1.1433233458800198,12.821314613911934,1.073344280240832,1827,1,1.1095661846496108,1798
2017,ATL,1,0.07124352331606218,1544,1.214328258467407,12.452720207253886,1.1095661846496108,1798,2,1.0963788300835655,1795
2017,ATL,2,0.09954456733897202,1537,1.1663011784724309,12.474951203643462,1.0963788300835655,1795,3,1.04723991507431,1884
2017,BKN,0,0.09417596034696406,1614,1.186340451400621,13.04275092936803,1.0824742268041236,1940,1,1.0965940815187047,1791
2017,BKN,1,0.09055627425614489,1546,1.1863233902013763,12.34411384217335,1.0965940815187047,1791,2,1.0971682398667406,1801
2017,BKN,2,0.06793650793650793,1575,1.2078600702923958,12.211428571428572,1.0971682398667406,1801,3,1.1438692098092642,1835
2017,BOS,0,0.12172774869109948,1528,1.1787170733935652,12.2467277486911,1.078125,1792,1,1.1287185354691076,1748
2017,BOS,1,0.11512717536813923,1494,1.2027853439063096,12.075635876840696,1.1287185354691076,1748,2,1.105641592920354,1808
2017,BOS,2,0.11606597434331094,1637,1.170449347207907,12.364691508857666,1.105641592920354,1808,3,1.113322277501382,1809
2017,CHA,0,0.14993481095176012,1534,1.1466067533188984,12.5,1.1047205642973412,1843,1,1.0715059588299025,1846
2017,CHA,1,0.18502202643171806,1589,1.1310681267467024,12.506607929515418,1.0715059588299025,1846,2,1.1413583655438984,1811
2017,CHA,2,0.12484076433121019,1570,1.1529376909814206,12.278343949044586,1.1413583655438984,1811,3,1.1507072905331883,1838
2017,CHI,0,0.1901496259351621,1604,1.1066574441596218,12.44576059850374,1.0182119205298013,1812,1,1.1233624454148472,1832
2017,CHI,1,0.1892059553349876,1612,1.1294335692342576,12.956575682382134,1.1233624454148472,1832,2,1.0889717634523175,1877
2017,CHI,2,0.1444981862152358,1654,1.1530970019969675,12.955864570737607,1.0889717634523175,1877,3,1.094214876033058,1815
2017,CLE,0,0.22142857142857142,1540,1.2041015930286514,12.451948051948053,1.1378555798687089,1828,1,1.1580148317170564,1753
2017,CLE,1,0.1769436997319035,1492,1.2249987233489852,12.175603217158177,1.1580148317170564,1753,2,1.1180257510729614,1864
2017,CLE,2,0.1534090909090909,1584,1.2508249074982138,12.825757575757576,1.1180257510729614,1864,3,1.1996662958843158,1798
2017,DAL,0,0.07493540051679587,1548,1.1890156546898887,11.88953488372093,1.0522803114571746,1798,1,1.1647465437788018,1736
2017,DAL,1,0.04862023653088042,1522,1.2272470785895828,11.457293035479632,1.1647465437788018,1736,2,1.0915771622385528,1769
2017,DAL,2,0.07421383647798742,1590,1.1958651681986132,12.272327044025158,1.0915771622385528,1769,3,1.0904605263157894,1824
2017,DEN,0,0.23346303501945526,1542,1.1338519152356499,12.913748378728924,1.0917582417582417,1820,1,1.1499720201454953,1787
2017,DEN,1,0.16015625,1536,1.1940345503584997,12.216796875,1.1499720201454953,1787,2,1.1619365609348915,1797
2017,DEN,2,0.1120253164556962,1580,1.2219626208879801,12.710759493670887,1.1619365609348915,1797,3,1.1850267379679145,1870
2017,DET,0,0.16612164813603664,1529,1.16927915370687,12.590582079790712,1.12400906002265,1766,1,1.0687066974595842,1732
2017,DET,1,0.1437951411687459,1523,1.1642954581523133,12.360472751149048,1.0687066974595842,1732,2,1.0976948408342482,1822
2017,DET,2,0.16296766011414077,1577,1.151750770122003,12.750158528852252,1.0976948408342482,1822,3,1.1158301158301158,1813
2017,GSW,0,0.21136653895274585,1566,1.2406825791649847,13.54469987228608,1.1797990481226863,1891,1,1.1831521739130435,1840
2017,GSW,1,0.20166453265044815,1562,1.235066461847038,12.900128040973112,1.1831521739130435,1840,2,1.2094411285946827,1843
2017,GSW,2,0.21710952689565782,1543,1.229365756603802,13.349967595593,1.2094411285946827,1843,3,1.1255530973451326,1808
2017,HOU,0,0.07647440051847051,1543,1.275706034732834,13.298120544394038,1.1802739726027398,1825,1,1.1912242686890575,1846
2017,HOU,1,0.07569974554707379,1572,1.266325408558956,12.744274809160306,1.1912242686890575,1846,2,1.2178612059158134,1758
2017,HOU,2,0.06490066225165562,1510,1.2589506833868422,12.390728476821192,1.2178612059158134,1758,3,1.158160403813797,1783
2017,IND,0,0.1267605633802817,1562,1.1644280055710805,12.500640204865556,1.1169686985172982,1821,1,1.143502824858757,1770
2017,IND,1,0.08943616331821128,1543,1.2066163670072252,12.215813350615683,1.143502824858757,1770,2,1.1312217194570136,1768
2017,IND,2,0.10646387832699619,1578,1.1873288156395383,12.4404309252218,1.1312217194570136,1768,3,1.088201603665521,1746
2017,LAC,0,0.1490479317137229,1523,1.2062051761309667,12.211424819435326,1.11796832332059,1831,1,1.1212287438288535,1823
2017,LAC,1,0.13398692810457516,1530,1.2324353886610464,12.669934640522875,1.1212287438288535,1823,2,1.1338956246705325,1897
2017,LAC,2,0.13814955640050697,1578,1.2451859009147872,13.107097591888467,1.1338956246705325,1897,3,1.162059620596206,1845
2017,LAL,0,0.06512210394489668,1597,1.1932499100350484,13.464621164683782,1.045288912024987,1921,1,1.0932069510268563,1899
2017,LAL,1,0.08277541083384053,1643,1.1902633095410258,13.688374923919659,1.0932069510268563,1899,2,1.1346873329770177,1871
2017,LAL,2,0.06066176470588235,1632,1.2022387598101418,13.001225490196079,1.1346873329770177,1871,3,1.131720430107527,1860
2017,MEM,0,0.07702984038861901,1441,1.2353912140975796,12.113115891741845,1.058553386911596,1742,1,1.1037514654161782,1706
2017,MEM,1,0.12679917751884853,1459,1.1867852707452848,11.579163810829336,1.1037514654161782,1706,2,1.053781512605042,1785
2017,MEM,2,0.12694125590817015,1481,1.192491762764696,11.912221471978393,1.053781512605042,1785,3,1.0831928049465993,1779
2017,MIA,0,0.17287234042553193,1504,1.168154787327634,12.034574468085106,1.0458356623812186,1789,1,1.1260945709281962,1713
2017,MIA,1,0.14573539288112827,1489,1.1902867196049074,11.437206178643384,1.1260945709281962,1713,2,1.0989259468626342,1769
2017,MIA,2,0.1237721021611002,1527,1.2073127238448305,11.91486574983628,1.0989259468626342,1769,3,1.1347093970668116,1841
2017,MIL,0,0.12850307587149692,1463,1.1908052302865344,12.580314422419686,1.1097631426920855,1731,1,1.1626062322946176,1765
2017,MIL,1,0.11955770559778853,1447,1.2266336036791576,12.525915687629578,1.1626062322946176,1765,2,1.1073636874648678,1779
2017,MIL,2,0.1342372881355932,1475,1.193683186627374,12.333559322033897,1.1073636874648678,1779,3,1.1714601769911503,1808
2017,MIN,0,0.15270618556701032,1552,1.1634292328473617,12.174613402061855,1.1169045005488474,1822,1,1.1595197255574614,1749
2017,MIN,1,0.07687210072895957,1509,1.1831777742229022,11.390987408880052,1.1595197255574614,1749,2,1.2130044843049328,1784
2017,MIN,2,0.11445012787723785,1564,1.152210675139854,11.732736572890026,1.2130044843049328,1784,3,1.1528627015008337,1799
2017,NOP,0,0.13276089828269486,1514,1.1796945869743625,13.002642007926024,1.1020299145299146,1872,1,1.1567567567567567,1850
2017,NOP,1,0.0987012987012987,1540,1.1980559830090547,12.824025974025973,1.1567567567567567,1850,2,1.0905834186284544,1954
2017,NOP,2,0.10201660735468565,1686,1.197727122285402,13.347568208778172,1.0905834186284544,1954,3,1.1395101171459,1878
2017,NYK,0,0.15281329923273657,1564,1.1351815288511822,12.343989769820972,1.0962389380530972,1808,1,1.0788149804359977,1789
2017,NYK,1,0.16474358974358974,1560,1.1211054216572613,12.112820512820512,1.0788149804359977,1789,2,1.103225806451613,1860
2017,NYK,2,0.11346633416458853,1604,1.1624663229331966,12.173316708229427,1.103225806451613,1860,3,1.0896739130434783,1840
2017,OKC,0,0.12627551020408162,1568,1.2179084014904589,12.894132653061224,1.0864197530864197,1782,1,1.1659012629161882,1742
2017,OKC,1,0.14615384615384616,1560,1.2334964657692986,12.616666666666667,1.1659012629161882,1742,2,1.1634349030470914,1805
2017,OKC,2,0.1485148514851485,1616,1.2216841050437501,13.327351485148515,1.1634349030470914,1805,3,1.1310494834148994,1839
2017,ORL,0,0.14348925410872312,1582,1.1477546203939903,12.960809102402022,1.1001606855918586,1867,1,1.078804347826087,1840
2017,ORL,1,0.14294631710362046,1602,1.1431041138073477,12.675405742821473,1.078804347826087,1840,2,1.1404494382022472,1780
2017,ORL,2,0.11822985468956407,1514,1.1888319885314984,12.127476882430647,1.1404494382022472,1780,3,1.0427927927927927,1776
2017,PHI,0,0.0959409594095941,1626,1.1551100892253037,13.347478474784747,1.0886929460580912,1928,1,1.1053475935828878,1870
2017,PHI,1,0.07652733118971061,1555,1.182358814769962,13.103536977491961,1.1053475935828878,1870,2,1.1274787535410764,1765
2017,PHI,2,0.06283422459893048,1496,1.1947839475333784,12.66042780748663,1.1274787535410764,1765,3,1.1819637139807897,1874
2017,PHX,0,0.049170251997541485,1627,1.2207640609755603,13.156115550092194,1.042455242966752,1955,1,1.113091922005571,1795
2017,PHX,1,0.05792276964047936,1502,1.2027515523885395,12.467376830892144,1.113091922005571,1795,2,1.0516199890170237,1821
2017,PHX,2,0.05035054174633524,1569,1.2562477643256489,12.750796685787126,1.0516199890170237,1821,3,1.0372935535428875,1877
2017,POR,0,0.14313725490196078,1530,1.1730798323359124,11.945098039215686,1.087719298245614,1824,1,1.1108002238388361,1787
2017,POR,1,0.15259537210756724,1599,1.1700269902795752,12.060037523452158,1.1108002238388361,1787,2,1.1574539363484087,1791
2017,POR,2,0.11834690043832186,1597,1.1864659848886687,12.147777082028805,1.1574539363484087,1791,3,1.1587837837837838,1776
2017,SAC,0,0.20611183355006502,1538,1.1055593602038045,11.886866059817946,1.009137635636779,1751,1,1.0855188141391106,1754
2017,SAC,1,0.1588235294117647,1530,1.1252012687426136,11.515032679738562,1.0855188141391106,1754,2,1.0865921787709498,1790
2017,SAC,2,0.15501905972045743,1574,1.160646684109658,12.330368487928844,1.0865921787709498,1790,3,1.072072072072072,1776
2017,SAS,0,0.23056825604180275,1531,1.1576580939698258,11.672762900065317,1.0891647855530473,1772,1,1.086731763354394,1741
2017,SAS,1,0.19746497665110074,1499,1.1658373735337928,11.550366911274184,1.086731763354394,1741,2,1.1132394366197182,1775
2017,SAS,2,0.18489583333333334,1536,1.1779211983210591,12.005208333333334,1.1132394366197182,1775,3,1.1240266963292547,1798
2017,TOR,0,0.08773087071240106,1516,1.223433754733224,12.567282321899736,1.162280701754386,1824,1,1.1636069114470842,1852
2017,TOR,1,0.10365853658536585,1640,1.2042557185149998,12.959756097560975,1.1636069114470842,1852,2,1.171303873431533,1833
2017,TOR,2,0.0830188679245283,1590,1.217102894852415,12.622012578616353,1.171303873431533,1833,3,1.1819708846584547,1786
2017,UTA,0,0.18486842105263157,1520,1.1507397603991716,11.83092105263158,1.0677777777777777,1800,1,1.0977142857142856,1750
2017,UTA,1,0.12727272727272726,1485,1.1958666038791899,11.85050505050505,1.0977142857142856,1750,2,1.1253497481813095,1787
2017,UTA,2,0.154557463672391,1514,1.1901553615997484,12.056142668428006,1.1253497481813095,1787,3,1.1211111111111112,1800
2017,WAS,0,0.15256410256410258,1560,1.154598895934889,12.474358974358974,1.1265753424657534,1825,1,1.118232044198895,1810
2017,WAS,1,0.10860012554927809,1593,1.1884977806891786,12.402385436283742,1.118232044198895,1810,2,1.1409066084107045,1831
2017,WAS,2,0.12195121951219512,1558,1.184726189641828,12.114249037227214,1.1409066084107045,1831,3,1.113154960981048,1794
2018,ATL,0,0.05499103407053198,1673,1.2434283577516818,13.034070531978482,1.0495449949443882,1978,1,1.0775154004106777,1948
2018,ATL,1,0.052600818234950324,1711,1.2500839117831493,12.328462887200468,1.0775154004106777,1948,2,1.146618482188952,1937
2018,ATL,2,0.047505938242280284,1684,1.2553305601329092,12.149049881235154,1.146618482188952,1937,3,1.1523573200992556,2015
2018,BKN,0,0.054037644201578625,1647,1.2235459311846895,11.562841530054644,1.128385698808234,1846,1,1.1635287789133943,1859
2018,BKN,1,0.03851010101010101,1584,1.2307459395352947,11.527777777777779,1.1635287789133943,1859,2,1.1128542510121457,1976
2018,BKN,2,0.040340909090909094,1760,1.2433681674367263,12.570454545454545,1.1128542510121457,1976,3,1.1201431492842535,1956
2018,BOS,0,0.05710955710955711,1716,1.2124011561728716,11.901515151515152,1.0828496042216358,1895,1,1.2157279489904358,1882
2018,BOS,1,0.05161290322580645,1705,1.2316954269979457,11.98592375366569,1.2157279489904358,1882,2,1.1736559139784946,1860
2018,BOS,2,0.04819976771196283,1722,1.2234993776210887,12.119047619047619,1.1736559139784946,1860,3,1.1300424628450105,1884
2018,CHA,0,0.059453032104637336,1682,1.1971898125310003,11.718787158145066,1.1588235294117648,1870,1,1.124465811965812,1872
2018,CHA,1,0.06231454005934718,1685,1.1999203524678563,11.779821958456973,1.124465811965812,1872,2,1.135706340378198,1798
2018,CHA,2,0.05071119356833643,1617,1.2106742145552767,11.705627705627705,1.135706340378198,1798,3,1.144808743169399,1830
2018,CHI,0,0.09085290482076638,1618,1.1997431133407377,11.932632880098888,1.0421052631578946,1900,1,1.036322360953462,1762
2018,CHI,1,0.05252918287937743,1542,1.1964223078483789,11.171854734111543,1.036322360953462,1762,2,1.1440860215053763,1860
2018,CHI,2,0.06474820143884892,1668,1.199614199182154,11.743405275779377,1.1440860215053763,1860,3,1.112454019968471,1903
2018,CLE,0,0.1458721291123526,1611,1.191000536600659,11.148355058969583,1.0994444444444444,1800,1,1.0736478711162256,1738
2018,CLE,1,0.10631443298969072,1552,1.2032017210421684,10.972938144329897,1.0736478711162256,1738,2,1.1076502732240436,1830
2018,CLE,2,0.09775840597758406,1606,1.222746783152398,11.128891656288916,1.1076502732240436,1830,3,1.1493362831858407,1808
2018,DAL,0,0.02679127725856698,1605,1.273460150894514,11.616822429906541,1.1353503184713376,1884,1,1.1119363395225463,1885
2018,DAL,1,0.03820086260012323,1623,1.2698356560447266,11.478743068391866,1.1119363395225463,1885,2,1.1301218161683277,1806
2018,DAL,2,0.038871473354231974,1595,1.2637929139247326,11.376175548589341,1.1301218161683277,1806,3,1.1292590589507843,1849
2018,DEN,0,0.07627627627627627,1665,1.2506511572119667,11.547147147147147,1.1538882803943045,1826,1,1.1675824175824177,1820
2018,DEN,1,0.07181008902077152,1685,1.2371576081485833,11.308011869436202,1.1675824175824177,1820,2,1.192536506219578,1849
2018,DEN,2,0.08052101835405566,1689,1.2478964171728724,12.07400828892836,1.192536506219578,1849,3,1.1316804407713499,1815
2018,DET,0,0.08987417615338526,1669,1.1792497998512554,11.540443379269023,1.1304579339723109,1878,1,1.0631521142229545,1821
2018,DET,1,0.07303010890454836,1561,1.2044820423922524,11.0903267136451,1.0631521142229545,1821,2,1.155230596175478,1778
2018,DET,2,0.045542014111610005,1559,1.2230784738130396,10.763951250801796,1.155230596175478,1778,3,1.1703958691910499,1743
2018,GSW,0,0.08145896656534954,1645,1.2403446730742627,12.277203647416414,1.1718999467802023,1879,1,1.166059344091619,1921
2018,GSW,1,0.078125,1728,1.258892258712069,12.268518518518519,1.166059344091619,1921,2,1.2544596012591815,1906
2018,GSW,2,0.07648073605520414,1739,1.2864901669977689,12.299022426682,1.2544596012591815,1906,3,1.163243812532912,1899
2018,HOU,0,0.053103007037747924,1563,1.2855940932185461,11.495201535508638,1.146067415730337,1780,1,1.1781354051054385,1802
2018,HOU,1,0.05175718849840256,1565,1.2818473935669843,11.210223642172524,1.1781354051054385,1802,2,1.2071926999463232,1863
2018,HOU,2,0.05405405405405406,1665,1.2605366901201,11.502102102102102,1.2071926999463232,1863,3,1.1907608695652174,1840
2018,IND,0,0.07495315427857589,1601,1.2168291637130804,11.803247970018738,1.123545706371191,1805,1,1.146448087431694,1830
2018,IND,1,0.06592729513247074,1623,1.233894133355906,11.605668515095502,1.146448087431694,1830,2,1.1379498364231189,1834
2018,IND,2,0.060072815533980584,1648,1.2343349992524666,11.783980582524272,1.1379498364231189,1834,3,1.1039248203427308,1809
2018,LAC,0,0.05111244738424534,1663,1.2368059987831326,11.892964521948286,1.1525773195876288,1940,1,1.1442006269592477,1914
2018,LAC,1,0.05318491032776747,1617,1.2374407852941538,11.854050711193569,1.1442006269592477,1914,2,1.131104033970276,1884
2018,LAC,2,0.062143310082435003,1577,1.2359675130738936,12.095751426759671,1.131104033970276,1884,3,1.1654526534859522,1922
2018,LAL,0,0.03596698113207547,1696,1.2754165831532263,12.579599056603774,1.0995382247306311,1949,1,1.0828220858895705,1956
2018,LAL,1,0.0357355568790947,1679,1.2548633878425342,12.394877903513997,1.0828220858895705,1956,2,1.102577319587629,1940
2018,LAL,2,0.052002390914524806,1673,1.2463017744820362,12.242677824267782,1.102577319587629,1940,3,1.104461942257218,1905
2018,MEM,0,0.04627766599597585,1491,1.2194271576225857,10.334674714956405,1.0999435347261435,1771,1,1.0518894529046814,1773
2018,MEM,1,0.044444444444444446,1485,1.2252753713319098,10.880134680134681,1.0518894529046814,1773,2,1.0738028169014084,1775
2018,MEM,2,0.04768041237113402,1552,1.2100844863097762,11.068298969072165,1.0738028169014084,1775,3,1.1325818572195383,1863
2018,MIA,0,0.07683073229291716,1666,1.228654709751081,11.870948379351741,1.0884389984017049,1877,1,1.1272727272727272,1760
2018,MIA,1,0.07134146341463414,1640,1.2239048296801978,11.070121951219512,1.1272727272727272,1760,2,1.1103641456582634,1785
2018,MIA,2,0.07657657657657657,1554,1.2192415859102057,11.125482625482626,1.1103641456582634,1785,3,1.1091314031180401,1796
2018,MIL,0,0.04991294254207777,1723,1.292230892363388,12.522925130586186,1.180605438686506,1949,1,1.1326315789473684,1900
2018,MIL,1,0.055222088835534214,1666,1.275625534830363,12.20888355342137,1.1326315789473684,1900,2,1.1692065160273253,1903
2018,MIL,2,0.043969102792632206,1683,1.2873261883637335,12.53475935828877,1.1692065160273253,1903,3,1.179929042067917,1973
2018,MIN,0,0.0935672514619883,1710,1.2101813032414468,11.890643274853801,1.105814562598219,1909,1,1.1483663631494376,1867
2018,MIN,1,0.0763765541740675,1689,1.221360118536108,11.59384251036116,1.1483663631494376,1867,2,1.1663101604278074,1870
2018,MIN,2,0.08057971014492754,1725,1.2203817633525655,11.601159420289855,1.1663101604278074,1870,3,1.1519582245430808,1915
2018,NOP,0,0.04751131221719457,1768,1.2346341699447232,12.634615384615385,1.167857142857143,1960,1,1.1481678173127987,1883
2018,NOP,1,0.0487071557426338,1663,1.2191918515277698,12.409500901984366,1.1481678173127987,1883,2,1.138743455497382,1910
2018,NOP,2,0.04462712859659425,1703,1.2407039672589788,12.365825014679977,1.138743455497382,1910,3,1.0918467583497053,2036
2018,NYK,0,0.06001188354129531,1683,1.1983140784451163,11.620915032679738,1.1085561497326204,1870,1,1.0818467995802727,1906
2018,NYK,1,0.07448036951501155,1732,1.189774215955944,12.088337182448036,1.0818467995802727,1906,2,1.0561307901907357,1835
2018,NYK,2,0.0780274656679151,1602,1.2060342054703752,11.68601747815231,1.0561307901907357,1835,3,1.058759521218716,1838
2018,OKC,0,0.05704506560182544,1753,1.2659717648588953,12.698231602966343,1.1028331584470095,1906,1,1.1196712891628147,1947
2018,OKC,1,0.05797933409873708,1742,1.2533803218926485,13.340987370838118,1.1196712891628147,1947,2,1.1865079365079365,2016
2018,OKC,2,0.05133806663025669,1831,1.2592058434201465,13.258874931731294,1.1865079365079365,2016,3,1.1090524086818423,1889
2018,ORL,0,0.04733373277411624,1669,1.1925286977372063,11.352905931695625,1.090566037735849,1855,1,1.0550305725403002,1799
2018,ORL,1,0.04331450094161959,1593,1.1783793684613362,11.24795982423101,1.0550305725403002,1799,2,1.142085359265262,1851
2018,ORL,2,0.03214285714285714,1680,1.193794490776579,11.379761904761905,1.142085359265262,1851,3,1.148509485094851,1845
2018,PHI,0,0.04747413268411443,1643,1.224803855178007,12.273280584297018,1.0969543147208123,1970,1,1.1585811163275952,1917
2018,PHI,1,0.020024271844660196,1648,1.2500635125692712,12.158373786407767,1.1585811163275952,1917,2,1.1924090669478122,1897
2018,PHI,2,0.026875,1600,1.2560764416110388,12.165625,1.1924090669478122,1897,3,1.1430062630480167,1916
2018,PHX,0,0.03428571428571429,1575,1.2362884655766713,11.101587301587301,1.0675310642895732,1851,1,1.080020920502092,1912
2018,PHX,1,0.02142857142857143,1680,1.2494738110821275,11.536309523809523,1.080020920502092,1912,2,1.0635005336179295,1874
2018,PHX,2,0.027743526510480888,1622,1.2370461591442241,11.958076448828606,1.0635005336179295,1874,3,1.1123476417594065,1887
2018,POR,0,0.04929577464788732,1704,1.2237905907027986,11.384976525821596,1.129287598944591,1895,1,1.117078410311493,1862
2018,POR,1,0.04156479217603912,1636,1.2388929951971872,11.191320293398533,1.117078410311493,1862,2,1.2244242099625067,1867
2018,POR,2,0.03757225433526012,1730,1.2456608353752556,11.484971098265897,1.2244242099625067,1867,3,1.1736590546999468,1883
2018,SAC,0,0.11460151250727167,1719,1.1821953565837868,12.927283304246656,1.1096873398257303,1951,1,1.1494845360824741,1940
2018,SAC,1,0.06342015855039637,1766,1.2278037546068346,13.006795016987542,1.1494845360824741,1940,2,1.0925155925155925,1924
2018,SAC,2,0.08362369337979095,1722,1.2045231622735149,12.595238095238095,1.0925155925155925,1924,3,1.160883280757098,1902
2018,SAS,0,0.0359882005899705,1695,1.1909427669996828,10.96283185840708,1.1294810058855003,1869,1,1.1880108991825613,1835
2018,SAS,1,0.04655493482309125,1611,1.1996321825736431,11.282433271260087,1.1880108991825613,1835,2,1.152,1875
2018,SAS,2,0.04283164782867341,1681,1.1818652593589491,11.429506246281974,1.152,1875,3,1.15401419989077,1831
2018,TOR,0,0.055288461538461536,1664,1.2575405096675494,12.304086538461538,1.166053599579611,1903,1,1.144816236972024,1823
2018,TOR,1,0.06646153846153846,1625,1.2377229593229768,11.941538461538462,1.144816236972024,1823,2,1.1856382978723403,1880
2018,TOR,2,0.060697115384615384,1664,1.2402043491854746,12.022235576923077,1.1856382978723403,1880,3,1.1684665226781858,1852
2018,UTA,0,0.06402048655569782,1562,1.2511934082073406,11.565300896286812,1.092315901814301,1874,1,1.13148049171566,1871
2018,UTA,1,0.06523076923076923,1625,1.2628876869427157,11.637538461538462,1.13148049171566,1871,2,1.166841552990556,1906
2018,UTA,2,0.06044284859365649,1671,1.250935554429818,11.845002992220227,1.166841552990556,1906,3,1.1761904761904762,1890
2018,WAS,0,0.05146618791143028,1671,1.2376527381618372,12.22920406941951,1.117280747275558,1927,1,1.1122026887280247,1934
2018,WAS,1,0.043834015195791935,1711,1.266258169223949,12.036236119228521,1.1122026887280247,1934,2,1.1518789144050103,1916
2018,WAS,2,0.0713436385255648,1682,1.2326075266391046,12.33769322235434,1.1518789144050103,1916,3,1.152711953659821,1899
2019,ATL,0,0.04049079754601227,1630,1.2769855695789591,12.1159509202454,1.0806032241289651,1923,1,1.0560699588477367,1944
2019,ATL,1,0.034382284382284384,1716,1.250576884351736,12.414918414918414,1.0560699588477367,1944,2,1.1534552845528456,1968
2019,BKN,0,0.02172636523781562,1703,1.3062211738063358,12.05871990604815,1.1123653155464341,1949,1,1.07016632016632,1924
2019,BKN,1,0.024734982332155476,1698,1.3064710870385612,12.084805653710248,1.07016632016632,1924,2,1.1519453207150367,1902
2019,BKN,2,0.038190364277320796,1702,1.2693124699641845,11.95358401880141,1.1519453207150367,1902,3,1.1713286713286712,1144
2019,BOS,0,0.056920311563810666,1669,1.2258745521272245,11.893948472139005,1.133764832793959,1854,1,1.1688453159041394,1836
2019,BOS,1,0.03537170263788969,1668,1.244312263105857,11.363309352517986,1.1688453159041394,1836,2,1.1851265822784811,1896
2019,BOS,2,0.05056513979773944,1681,1.2384634915562336,11.635336109458656,1.1851265822784811,1896,3,1.1683079677708146,1117
2019,CHA,0,0.05246720799500312,1601,1.2134700212015355,11.633978763272955,1.1170973062122045,1819,1,1.102063580591188,1793
2019,CHA,1,0.0449438202247191,1602,1.2095859756125833,11.21598002496879,1.102063580591188,1793,2,1.0466439135381116,1758
2019,CHI,0,0.030642309958750738,1697,1.269992153222251,12.742486741308191,1.0606060606060606,1914,1,1.0958677685950413,1815
2019,CHI,1,0.02836004932182491,1622,1.2727752430353194,11.787916152897656,1.0958677685950413,1815,2,1.1465002712967987,1843
2019,CLE,0,0.037130270610446825,1589,1.2454208852849509,11.4235368156073,1.0677966101694916,1829,1,1.1066298342541436,1810
2019,CLE,1,0.046787273861509666,1603,1.2455670763357884,11.205864004990643,1.1066298342541436,1810,2,1.1176154672395273,1862
2019,DAL,0,0.023515579071134628,1701,1.2661425672228939,11.681363903586126,1.1899736147757256,1895,1,1.1956164383561645,1825
2019,DAL,1,0.031212484993997598,1666,1.2634420017897852,11.379951980792317,1.1956164383561645,1825,2,1.2082884822389666,1858
2019,DAL,2,0.02031063321385902,1674,1.252300647238982,11.652329749103943,1.2082884822389666,1858,3,1.1734342739160357,1453
2019,DEN,0,0.04488330341113106,1671,1.2613974594956656,11.648114901256733,1.0969664138678223,1846,1,1.1824817518248176,1781
2019,DEN,1,0.036855036855036855,1628,1.2690608680069628,11.568796068796068,1.1824817518248176,1781,2,1.1795148247978438,1855
2019,DEN,2,0.062310949788263764,1653,1.2413795560239695,11.357531760435572,1.1795148247978438,1855,3,1.1752951861943688,1101
2019,DET,0,0.032089063523248196,1527,1.2251057219819272,11.254747871643746,1.1362637362637362,1820,1,1.102118413905486,1841
2019,DET,1,0.04215747055176689,1613,1.228932652045853,11.56788592684439,1.102118413905486,1841,2,1.1161362367392518,1791
2019,GSW,0,0.13650030066145522,1663,1.1954736694010564,11.879735417919422,1.0952380952380953,1890,1,1.032795698924731,1860
2019,GSW,1,0.16209628275441804,1641,1.160945464845517,11.728823887873247,1.032795698924731,1860,2,1.070489216201999,1901
2019,HOU,0,0.04013961605584642,1719,1.2870431624944487,12.670738801628854,1.1648185483870968,1984,1,1.1567282321899737,1895
2019,HOU,1,0.05312317571511967,1713,1.2884385675832002,12.399299474605954,1.1567282321899737,1895,2,1.1742543171114599,1911
2019,HOU,2,0.04345273047563124,1703,1.2942524087913152,12.39870816206694,1.1742543171114599,1911,3,1.090601185436071,1181
2019,IND,0,0.04388531304856641,1709,1.2321280251534001,11.794031597425395,1.1140117208311135,1877,1,1.1267142073505212,1823
2019,IND,1,0.04424242424242424,1650,1.234169908583345,11.765454545454546,1.1267142073505212,1823,2,1.1313513513513513,1850
2019,IND,2,0.028985507246376812,1656,1.2576081247936512,11.402777777777779,1.1313513513513513,1850,3,1.10498687664042,1143
2019,LAC,0,0.023090586145648313,1689,1.2782015894644752,12.355831853167555,1.1275720164609053,1944,1,1.162706611570248,1936
2019,LAC,1,0.024390243902439025,1681,1.26575140670381,12.132064247471742,1.162706611570248,1936,2,1.1939746300211416,1892
2019,LAC,2,0.020035356511490868,1697,1.2741678394409357,12.278727165586329,1.1939746300211416,1892,3,1.2435643564356436,1010
2019,LAL,0,0.009726443768996961,1645,1.3220428183693413,11.894224924012159,1.133581692389569,1879,1,1.177479892761394,1865
2019,LAL,1,0.01834862385321101,1635,1.2965488519584456,11.84097859327217,1.177479892761394,1865,2,1.1641160949868075,1895
2019,LAL,2,0.023283582089552238,1675,1.299541663013519,12.305671641791045,1.1641160949868075,1895,3,1.068007662835249,1044
2019,MEM,0,0.017724413950829045,1749,1.2615456294447014,12.181818181818182,1.0769230769230769,1963,1,1.1725370086778968,1959
2019,MEM,1,0.03130434782608696,1725,1.2607213067121696,11.972753623188407,1.1725370086778968,1959,2,1.1084710743801653,1936
2019,MEM,2,0.03002309468822171,1732,1.263486182122221,12.49364896073903,1.1084710743801653,1936,3,1.1366906474820144,1251
2019,MIA,0,0.05573558003888529,1543,1.2635939368698286,11.344134802333118,1.1482265749073584,1889,1,1.1642619311875693,1802
2019,MIA,1,0.046511627906976744,1548,1.2487107026393525,11.014857881136951,1.1642619311875693,1802,2,1.2064445658110323,1831
2019,MIA,2,0.04388133498145859,1618,1.259363948497223,11.374536464771323,1.2064445658110323,1831,3,1.1468978102189782,1096
2019,MIL,0,0.04207492795389049,1735,1.288737617574687,12.777521613832853,1.1418546365914788,1995,1,1.1692627206645898,1926
2019,MIL,1,0.03502626970227671,1713,1.279991465864627,12.531231757151197,1.1692627206645898,1926,2,1.1573754316724223,2027
2019,MIL,2,0.02910958904109589,1752,1.2780989296741303,12.764840182648403,1.1573754316724223,2027,3,1.0881226053639848,1305
2019,MIN,0,0.04440599769319493,1734,1.253841755889058,12.207035755478662,1.0903614457831325,1992,1,1.0937663698271347,1909
2019,MIN,1,0.037448800468110006,1709,1.2478316377004641,12.024575775307197,1.0937663698271347,1909,2,1.1245551601423487,1967
2019,NOP,0,0.03722794959908362,1746,1.2510774512510319,12.601374570446735,1.1267245784363822,1957,1,1.113660062565172,1918
2019,NOP,1,0.03641618497109827,1730,1.2631928090546602,12.516184971098266,1.113660062565172,1918,2,1.1664145234493193,1983
2019,NOP,2,0.03329439252336448,1712,1.2800229869379465,12.74123831775701,1.1664145234493193,1983,3,1.1184873949579832,1190
2019,NYK,0,0.04169259489732421,1607,1.2171216320086526,11.446172993154947,1.0708791208791208,1820,1,1.0934182590233545,1884
2019,NYK,1,0.03834979662986636,1721,1.2289828753167515,11.812899477048228,1.0934182590233545,1884,2,1.102328099621007,1847
2019,OKC,0,0.04467134652201659,1567,1.2243315128042398,11.377153797064455,1.1052347544522396,1853,1,1.151169113648722,1839
2019,OKC,1,0.038053649407361195,1603,1.2408866000096164,12.004366812227074,1.151169113648722,1839,2,1.1899836690255852,1837
2019,OKC,2,0.0289490245437382,1589,1.24212000462429,11.755821271239773,1.1899836690255852,1837,3,1.1283316880552814,1013
2019,ORL,0,0.03126916002452483,1631,1.223317996082368,11.564071122011036,1.0771349862258952,1815,1,1.091160220994475,1810
2019,ORL,1,0.03194103194103194,1628,1.1998518483105562,11.418304668304668,1.091160220994475,1810,2,1.1412984178941625,1833
2019,ORL,2,0.0254287403903016,1691,1.2336574155239053,11.621525724423417,1.1412984178941625,1833,3,1.156957928802589,1236
2019,PHI,0,0.019411396368190358,1597,1.2508359713882415,11.633061991233562,1.0997319034852546,1865,1,1.162280701754386,1824
2019,PHI,1,0.01693889897156685,1653,1.2457536017361142,11.277676950998185,1.162280701754386,1824,2,1.1235772357723577,1845
2019,PHI,2,0.022741241548862937,1627,1.2559465766690447,11.633066994468347,1.1235772357723577,1845,3,1.2446808510638299,1222
2019,PHX,0,0.01674641148325359,1672,1.2804372942522375,11.953349282296651,1.153045288912025,1921,1,1.1318970047293746,1903
2019,PHX,1,0.017058823529411765,1700,1.2550147685132977,11.879411764705882,1.1318970047293746,1903,2,1.1413160733549084,1854
2019,PHX,2,0.02369077306733167,1604,1.2437019015205408,11.669576059850375,1.1413160733549084,1854,3,1.2097288676236044,1254
2019,POR,0,0.0489225393127548,1717,1.2184663655587928,11.914967967384975,1.1384854771784232,1928,1,1.1182505399568035,1852
2019,POR,1,0.029518072289156625,1660,1.2450939301856494,11.550602409638554,1.1182505399568035,1852,2,1.1761904761904762,1890
2019,POR,2,0.023432923257176334,1707,1.257932780055984,11.492677211482132,1.1761904761904762,1890,3,1.23955223880597,1340
2019,SAC,0,0.02862476664592408,1607,1.2417929055181613,11.94897324206596,1.092896174863388,1830,1,1.1190217391304347,1840
2019,SAC,1,0.03020961775585697,1622,1.2278124755263695,11.92786683107275,1.1190217391304347,1840,2,1.1557112068965518,1856
2019,SAC,2,0.03181272509003601,1666,1.2488812292198632,11.795918367346939,1.1557112068965518,1856,3,1.1850899742930592,1167
2019,SAS,0,0.04448398576512456,1686,1.2142641563717163,11.890272835112693,1.1265155508697944,1897,1,1.1501298701298701,1925
2019,SAS,1,0.026884862653419054,1711,1.243705511739292,11.772063120981882,1.1501298701298701,1925,2,1.1612726275370269,1823
2019,SAS,2,0.03198031980319803,1626,1.2214552061938155,11.362238622386224,1.1612726275370269,1823,3,1.1640838650866,1097
2019,TOR,0,0.03893695920889988,1618,1.273759971900139,12.095179233621755,1.1367701209889531,1901,1,1.1319824753559693,1826
2019,TOR,1,0.03633004926108374,1624,1.2798969743967517,12.014778325123153,1.1319824753559693,1826,2,1.1916357861302276,1889
2019,TOR,2,0.024390243902439025,1681,1.3243062070466727,12.556216537775134,1.1916357861302276,1889,3,1.1195445920303606,1054
2019,UTA,0,0.04671717171717172,1584,1.2293898717956047,11.70959595959596,1.091005854177754,1879,1,1.1756978653530377,1827
2019,UTA,1,0.04203262233375157,1594,1.242407992080186,11.22961104140527,1.1756978653530377,1827,2,1.1871628910463863,1854
2019,UTA,2,0.02729528535980149,1612,1.261591753050241,11.338089330024815,1.1871628910463863,1854,3,1.1402877697841727,1112
2019,WAS,0,0.03876404494382023,1780,1.2320824862532176,12.593820224719101,1.1553643724696356,1976,1,1.1292695743562795,1903
2019,WAS,1,0.0754604872251931,1683,1.188806684210342,11.96078431372549,1.1292695743562795,1903,2,1.1608961303462322,1964
2019,WAS,2,0.045507584597432905,1714,1.2385752467178517,12.776546091015168,1.1608961303462322,1964,3,1.0869955156950672,1115
2020,ATL,0,0.028169014084507043,1633,1.2607123280869899,11.764849969381507,1.1558164354322304,1874,1,1.1965382467895032,1791
2020,ATL,1,0.02804333970681963,1569,1.263545086112323,11.551306564690886,1.1965382467895032,1791,2,1.2167216721672167,1818
2020,ATL,2,0.019452887537993922,1645,1.2393332882446715,11.350759878419453,1.2167216721672167,1818,3,1.1844484629294756,1106
2020,BKN,0,0.02579484103179364,1667,1.295681001995225,12.517696460707858,1.1935823250920568,1901,1,1.2423263327948304,1857
2020,BKN,1,0.0225140712945591,1599,1.302132960128728,11.702313946216385,1.2423263327948304,1857,2,1.1865591397849462,1860
2020,BKN,2,0.018674698795180723,1660,1.2943653643726114,11.963855421686747,1.1865591397849462,1860,3,1.225377107364685,1127
2020,BOS,0,0.06755934266585514,1643,1.21537066197271,11.732805842970176,1.1719088937093276,1844,1,1.1910614525139664,1790
2020,BOS,1,0.07018633540372671,1610,1.2012523029835576,11.059006211180124,1.1910614525139664,1790,2,1.1903719912472648,1828
2020,BOS,2,0.06582125603864734,1656,1.2287652983325952,11.682367149758454,1.1903719912472648,1828,3,1.162687886825818,1131
2020,CHA,0,0.054334554334554336,1638,1.2334769082697303,11.951770451770452,1.110506260206859,1837,1,1.1635588705380926,1877
2020,CHA,1,0.04919016196760648,1667,1.245623814517702,12.11757648470306,1.1635588705380926,1877,2,1.1132394366197182,1775
2020,CHA,2,0.05844980940279543,1574,1.2355334238663158,11.729987293519695,1.1132394366197182,1775,3,1.154275092936803,1076
2020,CHI,0,0.04334738109572547,1661,1.2412385775352235,11.813365442504516,1.145077720207254,1930,1,1.1729525862068966,1856
2020,CHI,1,0.01904761904761905,1680,1.2625245602803965,11.554166666666667,1.1729525862068966,1856,2,1.141732283464567,1778
2020,CHI,2,0.02443494196701283,1637,1.256440274566791,11.539401343921808,1.141732283464567,1778,3,1.124883504193849,1073
2020,CLE,0,0.022641509433962263,1590,1.27166252113476,11.311949685534591,1.0908096280087527,1828,1,1.0823204419889503,1810
2020,CLE,1,0.03335431088735054,1589,1.2693051726909677,11.410320956576463,1.0823204419889503,1810,2,1.0882852292020373,1767
2020,CLE,2,0.034368803701255786,1513,1.2535945657518777,11.127561136814275,1.0882852292020373,1767,3,1.0899814471243043,1078
2020,DAL,0,0.03048780487804878,1640,1.267674353069584,11.56280487804878,1.1393709327548807,1844,1,1.2021917808219178,1825
2020,DAL,1,0.015356265356265357,1628,1.2644393452467568,11.233415233415233,1.2021917808219178,1825,2,1.1875,1776
2020,DAL,2,0.03595784252944823,1613,1.256281452349884,11.2393056416615,1.1875,1776,3,1.221189591078067,1076
2020,DEN,0,0.05512282804074296,1669,1.245992321777261,11.59197124026363,1.1887810140237325,1854,1,1.2247191011235956,1780
2020,DEN,1,0.05067985166872682,1618,1.25003202227251,11.531520395550062,1.2247191011235956,1780,2,1.2096143096702068,1789
2020,DEN,2,0.06488781079442087,1649,1.247037318657023,11.169799878714372,1.2096143096702068,1789,3,1.2088316467341307,1087
2020,DET,0,0.058823529411764705,1615,1.237744235415658,11.380185758513932,1.129469122426869,1846,1,1.1409395973154361,1788
2020,DET,1,0.05472312703583062,1535,1.2220245000480225,10.912052117263844,1.1409395973154361,1788,2,1.098876404494382,1780
2020,DET,2,0.1077127659574468,1504,1.1804485392787718,11.40159574468085,1.098876404494382,1780,3,1.0740055504162813,1081
2020,GSW,0,0.07112970711297072,1673,1.236868538651854,12.431560071727436,1.0923550538737814,1949,1,1.1358216692586833,1929
2020,GSW,1,0.049606775559588624,1653,1.269878240198311,12.388384754990925,1.1358216692586833,1929,2,1.1549071618037134,1885
2020,GSW,2,0.05420219244823386,1642,1.2404977260286356,11.92326431181486,1.1549071618037134,1885,3,1.1998247151621384,1141
2020,HOU,0,0.06296758104738155,1604,1.2773929324409767,11.733167082294264,1.1207264957264957,1872,1,1.054039593365436,1869
2020,HOU,1,0.07609988109393578,1682,1.2296790639874018,12.016052318668253,1.054039593365436,1869,2,1.1116557734204793,1836
2020,HOU,2,0.06765983860955928,1611,1.2498147599713492,11.459342023587833,1.1116557734204793,1836,3,1.1321739130434783,1150
2020,IND,0,0.035629453681710214,1684,1.3081306983983758,11.982185273159145,1.1366754617414248,1895,1,1.1337209302325582,1892
2020,IND,1,0.024390243902439025,1681,1.2927036121083995,12.486020226055919,1.1337209302325582,1892,2,1.1491542798564838,1951
2020,IND,2,0.038483305036785515,1767,1.2596402780643219,12.728353140916807,1.1491542798564838,1951,3,1.199831365935919,1186
2020,LAC,0,0.0231105559025609,1601,1.2391956051137922,11.389131792629607,1.1930309734513274,1808,1,1.2086056644880174,1836
2020,LAC,1,0.020024271844660196,1648,1.2362846121553388,11.392597087378642,1.2086056644880174,1836,2,1.230028328611898,1765
2020,LAC,2,0.030228254164096236,1621,1.2535850294865174,11.228871067242443,1.230028328611898,1765,3,1.1795580110497237,1086
2020,LAL,0,0.03767757875231625,1619,1.2727715071140397,11.81161210623842,1.1660336408030385,1843,1,1.1274298056155507,1852
2020,LAL,1,0.023763648041104687,1557,1.274230688226799,11.566473988439306,1.1274298056155507,1852,2,1.0932388222464557,1834
2020,LAL,2,0.027989821882951654,1572,1.2442302042719666,11.358778625954198,1.0932388222464557,1834,3,1.122854561878952,1107
2020,MEM,0,0.01894374282433984,1742,1.2711009881774837,12.246842709529277,1.1408227848101267,1896,1,1.1701680672268908,1904
2020,MEM,1,0.0245014245014245,1755,1.2589853898942152,11.936752136752137,1.1701680672268908,1904,2,1.1840168243953733,1902
2020,MEM,2,0.03314285714285714,1750,1.250413403908276,12.269714285714286,1.1840168243953733,1902,3,1.1354723707664884,1122
2020,MIA,0,0.05259697567389875,1521,1.261280056649214,11.80999342537804,1.0912034538586077,1853,1,1.1493036211699164,1795
2020,MIA,1,0.05108556832694764,1566,1.260574713523072,11.196040868454661,1.1493036211699164,1795,2,1.161512027491409,1746
2020,MIA,2,0.047066408768536426,1551,1.2817524359729244,11.341715022566087,1.161512027491409,1746,3,1.238366571699905,1053
2020,MIL,0,0.042196531791907514,1730,1.279260073938991,12.600578034682082,1.20640756302521,1904,1,1.188421052631579,1900
2020,MIL,1,0.036458333333333336,1728,1.2776305998073652,12.601851851851851,1.188421052631579,1900,2,1.1869158878504673,1926
2020,MIL,2,0.04665898617511521,1736,1.2579170710796446,12.619239631336406,1.1869158878504673,1926,3,1.2022184300341296,1172
2020,MIN,0,0.044548651817116064,1706,1.24529817770282,12.014654161781946,1.1008886565603764,1913,1,1.135135135135135,1924
2020,MIN,1,0.041119360365505425,1751,1.2455649935586663,11.790405482581383,1.135135135135135,1924,2,1.153358011634056,1891
2020,MIN,2,0.03423423423423423,1665,1.2770386528718136,12.209009009009009,1.153358011634056,1891,3,1.1908127208480566,1132
2020,NOP,0,0.03923973022685469,1631,1.2492997788117788,12.004291845493562,1.1002132196162047,1876,1,1.226558265582656,1845
2020,NOP,1,0.039285714285714285,1680,1.2751144620129098,12.150595238095239,1.226558265582656,1845,2,1.157588577472237,1891
2020,NOP,2,0.06134969325153374,1630,1.2459678427334653,11.769938650306749,1.157588577472237,1891,3,1.1251071122536418,1167
2020,NYK,0,0.044785668586052464,1563,1.227436068970846,10.795265515035188,1.0737797956867197,1762,1,1.1598429613011778,1783
2020,NYK,1,0.04151177199504337,1614,1.2001442338752017,11.130111524163569,1.1598429613011778,1783,2,1.1327731092436975,1785
2020,NYK,2,0.031875,1600,1.1957023776864215,11.03375,1.1327731092436975,1785,3,1.1916279069767441,1075
2020,OKC,0,0.049019607843137254,1632,1.227389655317954,11.939950980392156,1.083157894736842,1900,1,1.058918918918919,1850
2020,OKC,1,0.05065666041275797,1599,1.2138300741389876,11.590994371482177,1.058918918918919,1850,2,1.0750262329485833,1906
2020,OKC,2,0.05558912386706949,1655,1.2178434521436243,12.04833836858006,1.0750262329485833,1906,3,1.0111876075731498,1162
2020,ORL,0,0.05889281507656066,1698,1.1656284546760343,11.595406360424029,1.0922063666300768,1822,1,1.0708833151581243,1834
2020,ORL,1,0.03369434416365824,1662,1.186459584209211,11.352587244283995,1.0708833151581243,1834,2,1.0822888283378747,1835
2020,ORL,2,0.0631768953068592,1662,1.1749133939316125,11.223826714801444,1.0822888283378747,1835,3,1.042380522993688,1109
2020,PHI,0,0.04059040590405904,1626,1.238075913668404,11.8849938499385,1.1435406698564594,1881,1,1.205662393162393,1872
2020,PHI,1,0.03376304481276857,1629,1.244489228914975,11.755064456721914,1.205662393162393,1872,2,1.1275426058273776,1819
2020,PHI,2,0.02508038585209003,1555,1.2522858662328258,11.324115755627009,1.1275426058273776,1819,3,1.1961147086031452,1081
2020,PHX,0,0.02962515114873035,1654,1.245650304135561,11.587061668681983,1.1531776208582292,1841,1,1.2317954419121735,1799
2020,PHX,1,0.021144278606965175,1608,1.262699936194836,11.557835820895523,1.2317954419121735,1799,2,1.2017495899398578,1829
2020,PHX,2,0.02026221692491061,1678,1.2485526478461455,11.83373063170441,1.2017495899398578,1829,3,1.2830540037243947,1074
2020,POR,0,0.022375215146299483,1743,1.2669605750906534,11.456683878370626,1.1663113006396588,1876,1,1.198008849557522,1808
2020,POR,1,0.028891509433962265,1696,1.2589465562365825,11.22936320754717,1.198008849557522,1808,2,1.2017543859649122,1824
2020,POR,2,0.031231585150265175,1697,1.2500616279493688,11.496169711255156,1.2017543859649122,1824,3,1.2827832292595895,1121
2020,SAC,0,0.05907429963459196,1642,1.218976592496184,12.182704019488428,1.1399046104928459,1887,1,1.1946091644204853,1855
2020,SAC,1,0.03542392566782811,1722,1.2538186175441592,12.145760743321718,1.1946091644204853,1855,2,1.1623931623931625,1872
2020,SAC,2,0.043451652386780906,1634,1.2392167540462955,12.334149326805386,1.1623931623931625,1872,3,1.1662125340599454,1101
2020,SAS,0,0.04942528735632184,1740,1.2251478829922497,11.616091954022988,1.1280969952556668,1897,1,1.1072008662696264,1847
2020,SAS,1,0.04499100179964007,1667,1.2265382223930943,11.515296940611877,1.1072008662696264,1847,2,1.1327823691460055,1815
2020,SAS,2,0.04942736588306208,1659,1.2197565392730392,11.384569017480409,1.1327823691460055,1815,3,1.180952380952381,1155
2020,TOR,0,0.04784978800726832,1651,1.244819903479794,12.17565112053301,1.1550135501355014,1845,1,1.1852254209668658,1841
2020,TOR,1,0.06184935701163503,1633,1.2414103901205458,11.941824862216778,1.1852254209668658,1841,2,1.170964125560538,1784
2020,TOR,2,0.05513784461152882,1596,1.2332187911387518,11.984962406015038,1.170964125560538,1784,3,1.1240808823529411,1088
2020,UTA,0,0.045997610513739545,1674,1.2673054164568704,11.943249701314217,1.175257731958763,1843,1,1.219721329046088,1866
2020,UTA,1,0.034713763702801465,1642,1.2753371881455997,12.200365408038977,1.219721329046088,1866,2,1.193304535637149,1852
2020,UTA,2,0.029589371980676328,1656,1.2677108560054615,11.780797101449275,1.193304535637149,1852,3,1.2140871177015755,1079
2020,WAS,0,0.04123112659698026,1722,1.2050659608602088,12.608594657375145,1.1454173067076292,1953,1,1.1163149768399383,1943
2020,WAS,1,0.05889351576442594,1681,1.2076688096700785,12.540154669839382,1.1163149768399383,1943,2,1.1152856407617087,1943
2020,WAS,2,0.07429245283018868,1696,1.1679357887726698,12.402712264150944,1.1152856407617087,1943,3,1.2056151940545003,1211
2021,ATL,0,0.03597122302158273,1668,1.243639086903939,11.80695443645084,1.1731936017650304,1813,1,1.1643835616438356,1825
2021,ATL,1,0.023622047244094488,1651,1.2578430492325419,11.929133858267717,1.1643835616438356,1825,2,1.2057390362750406,1847
2021,ATL,2,0.027261462205700124,1614,1.2831231364097022,11.66728624535316,1.2057390362750406,1847,3,1.2173675587110868,1831
2021,BKN,0,0.032176656151419555,1585,1.2663936763565662,11.710410094637224,1.1330076004343106,1842,1,1.1534305780659104,1851
2021,BKN,1,0.02960331557134399,1689,1.2948081461172312,12.3149792776791,1.1534305780659104,1851,2,1.172280508006626,1811
2021,BKN,2,0.04002389486260454,1674,1.2476655190933572,11.749701314217443,1.172280508006626,1811,3,1.1985968699406369,1853
2021,BOS,0,0.08080194410692589,1646,1.2146073487108442,11.6318347509113,1.0896812533765532,1851,1,1.1648846370287,1777
2021,BOS,1,0.06570713391739674,1598,1.2263609960897963,11.42177722152691,1.1648846370287,1777,2,1.1686208821887214,1791
2021,BOS,2,0.06195244055068836,1598,1.2489654218987993,11.46558197747184,1.1686208821887214,1791,3,1.2670039347948285,1779
2021,CHA,0,0.06083001705514497,1759,1.2489817148957247,12.239909039226834,1.1223097112860891,1905,1,1.1893178212585933,1891
2021,CHA,1,0.043962485345838215,1706,1.2556200571670446,12.056271981242674,1.1893178212585933,1891,2,1.10598111227702,1906
2021,CHA,2,0.06041055718475073,1705,1.2742848762019003,12.379472140762463,1.10598111227702,1906,3,1.2390829694323144,1832
2021,CHI,0,0.03469640644361834,1614,1.2526603456814367,11.913258983890954,1.1364136413641364,1818,1,1.1828602620087336,1832
2021,CHI,1,0.021485573971761818,1629,1.276804971818951,11.613873542050337,1.1828602620087336,1832,2,1.208743169398907,1830
2021,CHI,2,0.025015253203172667,1639,1.2521985931542212,11.319707138499085,1.208743169398907,1830,3,1.1321271929824561,1824
2021,CLE,0,0.027308192457737322,1538,1.2843753618852227,11.321196358907672,1.0890642615558062,1774,1,1.179530201342282,1788
2021,CLE,1,0.0248565965583174,1569,1.2750214238562194,11.256214149139579,1.179530201342282,1788,2,1.1110475100171724,1747
2021,CLE,2,0.03557046979865772,1490,1.26525842070785,10.991946308724833,1.1110475100171724,1747,3,1.1958997722095672,1756
2021,DAL,0,0.04948075748320098,1637,1.2613098358534927,11.247403787416005,1.115,1800,1,1.151342090234152,1751
2021,DAL,1,0.04060913705583756,1576,1.264719757271062,10.773477157360405,1.151342090234152,1751,2,1.1595925297113752,1767
2021,DAL,2,0.05080385852090032,1555,1.2704629277922044,10.92154340836013,1.1595925297113752,1767,3,1.1816105082809822,1751
2021,DEN,0,0.06050955414012739,1570,1.2622512368086787,11.185987261146497,1.1272831050228311,1752,1,1.1650219298245614,1824
2021,DEN,1,0.06524466750313676,1594,1.267777738102803,11.238393977415308,1.1650219298245614,1824,2,1.2128470332063146,1837
2021,DEN,2,0.054760423148724334,1607,1.2827233883637168,11.544492843808339,1.2128470332063146,1837,3,1.197517539125742,1853
2021,DET,0,0.05200501253132832,1596,1.206168750620413,11.393483709273182,1.0089086859688197,1796,1,1.0652642934196332,1854
2021,DET,1,0.060550458715596334,1635,1.1935398138094149,11.793883792048929,1.0652642934196332,1854,2,1.1176795580110497,1810
2021,DET,2,0.061855670103092786,1649,1.1805856757625828,11.426925409338994,1.1176795580110497,1810,3,1.1831218974076116,1813
2021,GSW,0,0.031113876789047916,1607,1.282235838325018,12.145612943372745,1.1635287789133943,1859,1,1.1257617728531857,1805
2021,GSW,1,0.03439649781113196,1599,1.2718696066878,11.726704190118824,1.1257617728531857,1805,2,1.168760240305844,1831
2021,GSW,2,0.024464831804281346,1635,1.2612503654787863,11.686238532110092,1.168760240305844,1831,3,1.1726027397260275,1825
2021,HOU,0,0.045940843297671494,1589,1.293104390065046,11.742605412208936,1.040590405904059,1897,1,1.1607435757244395,1829
2021,HOU,1,0.04896907216494845,1552,1.2823894179382243,11.415592783505154,1.1607435757244395,1829,2,1.1154661016949152,1888
2021,HOU,2,0.057125307125307126,1628,1.2569953665702913,11.588452088452089,1.1154661016949152,1888,3,1.1357633386159536,1893
2021,IND,0,0.03657074340527578,1668,1.2361323856070585,11.650479616306955,1.1157608695652175,1840,1,1.1650704225352113,1775
2021,IND,1,0.017780502759043533,1631,1.2833019547047444,11.762722256284489,1.1650704225352113,1775,2,1.150994089199355,1861
2021,IND,2,0.04819976771196283,1722,1.2455104569527005,11.966318234610917,1.150994089199355,1861,3,1.209277238403452,1854
2021,LAC,0,0.06397103198551599,1657,1.2586362178486654,11.932407966203984,1.0682666666666667,1875,1,1.1167681239623686,1807
2021,LAC,1,0.08025078369905957,1595,1.2199477573412503,11.681504702194358,1.1167681239623686,1807,2,1.1325234676974048,1811
2021,LAC,2,0.06995133819951338,1644,1.2277832983795647,11.566301703163017,1.1325234676974048,1811,3,1.1910049972237646,1801
2021,LAL,0,0.05071599045346062,1676,1.249583212804828,12.310262529832935,1.0762052877138413,1929,1,1.1379310344827587,1885
2021,LAL,1,0.04791154791154791,1628,1.27381214158435,11.79054054054054,1.1379310344827587,1885,2,1.1143790849673203,1836
2021,LAL,2,0.037197768133911964,1613,1.2539160482570972,11.59454432734036,1.1143790849673203,1836,3,1.1530997304582211,1855
2021,MEM,0,0.03434684684684685,1776,1.2753191283508165,12.135698198198199,1.1401819154628143,1869,1,1.160217983651226,1835
2021,MEM,1,0.0385739333722969,1711,1.2452367733271419,12.001168907071888,1.160217983651226,1835,2,1.200640341515475,1874
2021,MEM,2,0.037100456621004564,1752,1.2751388395967345,12.33904109589041,1.200640341515475,1874,3,1.2146238821672803,1901
2021,MIA,0,0.05786163522012579,1590,1.2398377870045632,11.535849056603773,1.156405990016639,1803,1,1.1718213058419245,1746
2021,MIA,1,0.04770872567482737,1593,1.2454227363590873,11.234149403640929,1.1718213058419245,1746,2,1.1747252747252748,1820
2021,MIA,2,0.04086845466155811,1566,1.2612310127133983,11.26500638569604,1.1747252747252748,1820,3,1.2036301758366421,1763
2021,MIL,0,0.050878255602665054,1651,1.2556071319031166,11.9442761962447,1.138768898488121,1852,1,1.1540106951871658,1870
2021,MIL,1,0.0429664508534432,1699,1.260229199044174,12.113596233078281,1.1540106951871658,1870,2,1.1818666666666666,1875
2021,MIL,2,0.04847396768402154,1671,1.2671603468588337,12.364452423698385,1.1818666666666666,1875,3,1.2278947368421054,1900
2021,MIN,0,0.020289855072463767,1725,1.2794003783042494,11.91304347826087,1.1113501882732653,1859,1,1.1416216216216217,1850
2021,MIN,1,0.03430232558139535,1720,1.2666644931514341,12.21860465116279,1.1416216216216217,1850,2,1.2097535395909806,1907
2021,MIN,2,0.01808634772462077,1714,1.309897843897477,12.411901983663943,1.2097535395909806,1907,3,1.2291119285338938,1903
2021,NOP,0,0.04565083281924738,1621,1.2258152045614605,11.54904380012338,1.085920177383592,1804,1,1.1378929950358523,1813
2021,NOP,1,0.038905775075987845,1645,1.2296350761194648,11.66322188449848,1.1378929950358523,1813,2,1.1730769230769231,1768
2021,NOP,2,0.03732303732303732,1554,1.2531439825881372,11.536679536679536,1.1730769230769231,1768,3,1.2203389830508475,1829
2021,NYK,0,0.03316645807259074,1598,1.25616446099146,11.362953692115143,1.1222222222222222,1800,1,1.1236811254396248,1706
2021,NYK,1,0.03749191984486102,1547,1.2446871611859918,11.03813833225598,1.1236811254396248,1706,2,1.1213114754098361,1830
2021,NYK,2,0.03865030674846626,1630,1.2661737925607617,11.360122699386503,1.1213114754098361,1830,3,1.1782289904117316,1773
2021,OKC,0,0.06867469879518072,1660,1.2093633275308606,12.002409638554218,1.0259238830667403,1813,1,1.08250276854928,1806
2021,OKC,1,0.059178743961352656,1656,1.2014412877200298,11.719806763285025,1.08250276854928,1806,2,1.0935135135135134,1850
2021,OKC,2,0.08476585655008892,1687,1.1960304222036275,11.949614700652045,1.0935135135135134,1850,3,1.137433155080214,1870
2021,ORL,0,0.039048200122025624,1639,1.2169728832469484,11.946918852959122,1.0418023887079262,1842,1,1.0869086908690868,1818
2021,ORL,1,0.027950310559006212,1610,1.220787920138517,11.43416149068323,1.0869086908690868,1818,2,1.0858666666666668,1875
2021,ORL,2,0.04097859327217125,1635,1.2370827736739132,12.130275229357798,1.0858666666666668,1875,3,1.0927613941018768,1865
2021,PHI,0,0.04237824161922834,1581,1.2386701934637552,11.103731815306768,1.163575042158516,1779,1,1.1443941109852775,1766
2021,PHI,1,0.03300970873786408,1545,1.2542443343136565,11.179935275080906,1.1443941109852775,1766,2,1.1444506413831568,1793
2021,PHI,2,0.029182879377431907,1542,1.2681536029159517,11.04669260700389,1.1444506413831568,1793,3,1.2047377326565143,1773
2021,PHX,0,0.03997539975399754,1626,1.2833164335365361,12.216482164821649,1.156047516198704,1852,1,1.148309705561614,1834
2021,PHX,1,0.06808762581409118,1689,1.2190227171518875,11.847838957963292,1.148309705561614,1834,2,1.2227668845315904,1836
2021,PHX,2,0.07075471698113207,1696,1.2243589641921337,11.97818396226415,1.2227668845315904,1836,3,1.2074666666666667,1875
2021,POR,0,0.03239352129574085,1667,1.2836865929901702,11.794241151769645,1.1553030303030303,1848,1,1.132821075740944,1822
2021,POR,1,0.06347230864965775,1607,1.2419672400211796,11.281891723708775,1.132821075740944,1822,2,1.098758769562871,1853
2021,POR,2,0.05925925925925926,1620,1.2531308601679203,11.50925925925926,1.098758769562871,1853,3,1.0750407830342577,1839
2021,SAC,0,0.048271752085816445,1678,1.2427082286438735,12.151370679380214,1.1325757575757576,1848,1,1.1176470588235294,1853
2021,SAC,1,0.03473491773308958,1641,1.2593502089404762,12.17428397318708,1.1176470588235294,1853,2,1.1330818965517242,1856
2021,SAC,2,0.04597701149425287,1653,1.2463149799081732,12.182093163944344,1.1330818965517242,1856,3,1.1244635193133048,1864
2021,SAS,0,0.053479010925819435,1739,1.2224048990927772,12.384128809660725,1.091538052155402,1879,1,1.154699049630412,1894
2021,SAS,1,0.041596402473299605,1779,1.2278525049690383,12.446318156267566,1.154699049630412,1894,2,1.1859110169491525,1888
2021,SAS,2,0.047217537942664416,1779,1.2362576993385688,12.14558740865655,1.1859110169491525,1888,3,1.179048637092464,1871
2021,TOR,0,0.05363528009535161,1678,1.244125274442311,11.784266984505363,1.1531938948558507,1769,1,1.1617728531855955,1805
2021,TOR,1,0.043680838672102505,1717,1.2372201523233048,11.804309842748982,1.1617728531855955,1805,2,1.1584213451917733,1799
2021,TOR,2,0.06303549571603427,1634,1.216903608564893,11.336597307221542,1.1584213451917733,1799,3,1.20148401826484,1752
2021,UTA,0,0.049429657794676805,1578,1.26624801818444,11.927122940430925,1.173888888888889,1800,1,1.2413978494623656,1860
2021,UTA,1,0.04807692307692308,1664,1.2770155073410594,11.73016826923077,1.2413978494623656,1860,2,1.1984953703703705,1728
2021,UTA,2,0.05,1540,1.250249327287035,11.261688311688312,1.1984953703703705,1728,3,1.2094064949608063,1786
2021,WAS,0,0.03949044585987261,1570,1.2385579129074555,11.368152866242038,1.0939377389404696,1831,1,1.1569703622392975,1822
2021,WAS,1,0.033271719038817,1623,1.2457512524437209,11.37215033887862,1.1569703622392975,1822,2,1.131476323119777,1795
2021,WAS,2,0.034739454094292806,1612,1.2168243452438274,11.094913151364764,1.131476323119777,1795,3,1.1962059620596206,1845
2022,ATL,0,0.05466970387243736,1756,1.254641041350929,12.219248291571754,1.1403141361256544,1910,1,1.1636457793889177,1931
2022,ATL,1,0.052083333333333336,1728,1.2572416347384732,12.174768518518519,1.1636457793889177,1931,2,1.2132904608788853,1866
2022,ATL,2,0.0415944540727903,1731,1.2548167573899083,11.978047371461583,1.2132904608788853,1866,3,1.268318397469689,1897
2022,BKN,0,0.02794022092267706,1539,1.3161286262665781,11.899285250162443,1.1612548156301596,1817,1,1.2325068870523417,1815
2022,BKN,1,0.023017902813299233,1564,1.2990023879118893,11.687979539641944,1.2325068870523417,1815,2,1.187534473248759,1813
2022,BKN,2,0.037783375314861464,1588,1.2847211054709733,12.151133501259446,1.187534473248759,1813,3,1.167034178610805,1814
2022,BOS,0,0.06508135168961202,1598,1.260241846921329,11.655819774718397,1.2303948080043268,1849,1,1.1913415285943345,1871
2022,BOS,1,0.060406698564593304,1672,1.2622498997933576,11.92224880382775,1.1913415285943345,1871,2,1.2167300380228137,1841
2022,BOS,2,0.06833435021354485,1639,1.252924313365376,11.10738255033557,1.2167300380228137,1841,3,1.2134709397066812,1841
2022,CHA,0,0.06268136970400465,1723,1.2507886752191233,11.721996517701683,1.0957894736842104,1900,1,1.1392075078206465,1918
2022,CHA,1,0.0631697687535251,1773,1.262545547513576,12.11111111111111,1.1392075078206465,1918,2,1.1465968586387434,1910
2022,CHA,2,0.058788947677836566,1701,1.273662630931506,12.29453262786596,1.1465968586387434,1910,3,1.0955448201825013,1863
2022,CHI,0,0.05415384615384616,1625,1.2658153154972933,12.082461538461539,1.1298491379310345,1856,1,1.193121693121693,1890
2022,CHI,1,0.04429611650485437,1648,1.2926322192922688,12.107402912621358,1.193121693121693,1890,2,1.14800655379574,1831
2022,CHI,2,0.0426980198019802,1616,1.282561440501171,11.781559405940595,1.14800655379574,1831,3,1.1834085778781038,1772
2022,CLE,0,0.016329196603527107,1531,1.2856372234748292,11.057478772044416,1.1701312910284465,1828,1,1.1779420125071063,1759
2022,CLE,1,0.010464355788096796,1529,1.3152034534893944,11.139306736429038,1.1779420125071063,1759,2,1.2073310423825887,1746
2022,CLE,2,0.014211886304909561,1548,1.3113204623572354,10.887596899224807,1.2073310423825887,1746,3,1.2144469525959367,1772
2022,DAL,0,0.033876221498371335,1535,1.300011895553747,10.953094462540717,1.1802911534154534,1786,1,1.1978021978021978,1820
2022,DAL,1,0.02939297124600639,1565,1.296784147272716,10.900958466453675,1.1978021978021978,1820,2,1.194769059543684,1797
2022,DAL,2,0.038286826735885786,1541,1.2690355007165461,10.678780012978585,1.194769059543684,1797,3,1.2151351351351352,1850
2022,DEN,0,0.06238303181534623,1603,1.2888842865214676,11.507174048658765,1.1888225718936516,1843,1,1.2142468733007068,1839
2022,DEN,1,0.05152671755725191,1572,1.3086007873984602,11.784351145038167,1.2142468733007068,1839,2,1.2259299781181618,1828
2022,DEN,2,0.04908747640025173,1589,1.3101593682497406,11.679043423536816,1.2259299781181618,1828,3,1.2040022234574763,1799
2022,DET,0,0.05063291139240506,1659,1.20747727395449,11.798673899939724,1.1337240277037826,1877,1,1.174350821409645,1887
2022,DET,1,0.03196066379840197,1627,1.2216785840989646,11.314689612784266,1.174350821409645,1887,2,1.1720257234726688,1866
2022,DET,2,0.03427172582619339,1634,1.2236042986588516,11.605263157894736,1.1720257234726688,1866,3,1.112409571508069,1797
2022,GSW,0,0.04809976247030879,1684,1.2783667502730665,12.210807600950119,1.1908517350157728,1902,1,1.158004158004158,1924
2022,GSW,1,0.051008303677342826,1686,1.2477997964620762,12.223606168446025,1.158004158004158,1924,2,1.1935651271406331,1927
2022,GSW,2,0.05309218203033839,1714,1.254877742094952,12.04492415402567,1.1935651271406331,1927,3,1.212519726459758,1901
2022,HOU,0,0.06662553979025293,1621,1.226379633571805,11.553362122146822,1.1156316916488223,1868,1,1.119606772255598,1831
2022,HOU,1,0.05367057371992597,1621,1.241446894221441,11.180752621838371,1.119606772255598,1831,2,1.126063829787234,1880
2022,HOU,2,0.06927710843373494,1660,1.2239506541223593,11.497590361445782,1.126063829787234,1880,3,1.1899563318777293,1832
2022,IND,0,0.03859649122807018,1710,1.3014529327918156,12.423976608187134,1.164390756302521,1904,1,1.1883360085607277,1869
2022,IND,1,0.04721549636803874,1652,1.2732608947544075,12.537530266343826,1.1883360085607277,1869,2,1.1329418045915642,1873
2022,IND,2,0.032699167657550536,1682,1.2861212571855967,12.564209274673008,1.1329418045915642,1873,3,1.2075067024128687,1865
2022,LAC,0,0.04258150365934797,1503,1.2554093156860822,11.433799068529607,1.1101928374655647,1815,1,1.1655773420479303,1836
2022,LAC,1,0.06956521739130435,1610,1.2383029004446136,11.52111801242236,1.1655773420479303,1836,2,1.2290969899665551,1794
2022,LAC,2,0.02727836329820211,1613,1.27130638217931,11.358338499690019,1.2290969899665551,1794,3,1.209823812066204,1873
2022,LAL,0,0.039634146341463415,1640,1.2700545927103004,12.06280487804878,1.108303249097473,1939,1,1.1888657648283039,1922
2022,LAL,1,0.04017041996348144,1643,1.264459170185909,11.948874010955569,1.1888657648283039,1922,2,1.1631388745482705,1937
2022,LAL,2,0.04247990815154994,1742,1.2393694942250932,12.102755453501722,1.1631388745482705,1937,3,1.2029063509149622,1858
2022,MEM,0,0.06004618937644342,1732,1.2673439120255539,11.88568129330254,1.1627047015319598,1893,1,1.176008381351493,1909
2022,MEM,1,0.03501722158438576,1742,1.3072092474417054,12.694029850746269,1.176008381351493,1909,2,1.1544502617801047,1910
2022,MEM,2,0.041666666666666664,1728,1.301950128246725,12.68113425925926,1.1544502617801047,1910,3,1.2164021164021164,1890
2022,MIA,0,0.03935483870967742,1550,1.269194130929375,11.60774193548387,1.1325632563256325,1818,1,1.1496674057649667,1804
2022,MIA,1,0.03392967304133251,1621,1.2437544322147907,11.213448488587291,1.1496674057649667,1804,2,1.1460928652321631,1766
2022,MIA,2,0.034782608695652174,1610,1.2473768787559532,11.093788819875776,1.1460928652321631,1766,3,1.2226047045324153,1743
2022,MIL,0,0.04366028708133971,1672,1.2955571825252383,11.63098086124402,1.1554126473740622,1866,1,1.1384778012684988,1892
2022,MIL,1,0.04311377245508982,1670,1.2918249354966438,11.675449101796406,1.1384778012684988,1892,2,1.2110236220472441,1905
2022,MIL,2,0.04241719930273097,1721,1.2937499503115384,12.317838466008135,1.2110236220472441,1905,3,1.229594523433386,1899
2022,MIN,0,0.03216019417475728,1648,1.301307433168231,12.15109223300971,1.145018257694314,1917,1,1.1806073521576985,1877
2022,MIN,1,0.03982300884955752,1582,1.2844397421415366,11.844500632111252,1.1806073521576985,1877,2,1.1984126984126984,1890
2022,MIN,2,0.03827460510328068,1646,1.2640413883189736,11.693803159173754,1.1984126984126984,1890,3,1.167828418230563,1865
2022,NOP,0,0.04417910447761194,1675,1.2682641817106255,11.991641791044776,1.2072120559741657,1858,1,1.1624472573839661,1896
2022,NOP,1,0.039783001808318265,1659,1.2684718358131544,11.960819770946353,1.1624472573839661,1896,2,1.1608122941822174,1822
2022,NOP,2,0.034934497816593885,1603,1.2513301329989388,11.67935121646912,1.1608122941822174,1822,3,1.2048458149779735,1816
2022,NYK,0,0.03747072599531616,1708,1.2917291297796372,11.90456674473068,1.1536416799574694,1881,1,1.2068194522079374,1789
2022,NYK,1,0.019571865443425075,1635,1.2773361747252185,10.644648318042814,1.2068194522079374,1789,2,1.2246745897000566,1767
2022,NYK,2,0.02962962962962963,1620,1.2766624928277537,10.848148148148148,1.2246745897000566,1767,3,1.243109151047409,1814
2022,OKC,0,0.019662921348314606,1780,1.2513750271956514,12.613483146067416,1.1545219638242894,1935,1,1.1750788643533123,1902
2022,OKC,1,0.018779342723004695,1704,1.2536247321877543,12.401408450704226,1.1750788643533123,1902,2,1.226842105263158,1900
2022,OKC,2,0.019042123485285632,1733,1.2490914253837495,12.216387766878245,1.226842105263158,1900,3,1.181769722814499,1876
2022,ORL,0,0.022944550669216062,1569,1.244675804463985,11.362651370299554,1.1374253123302553,1841,1,1.1453957996768982,1857
2022,ORL,1,0.0328580285182889,1613,1.2093661358074828,11.766274023558587,1.1453957996768982,1857,2,1.153551912568306,1830
2022,ORL,2,0.023182957393483708,1596,1.2437575727927066,11.781954887218046,1.153551912568306,1830,3,1.1706795077581595,1869
2022,PHI,0,0.033932135728542916,1503,1.2710977957314198,11.10645375914837,1.1302403577417552,1789,1,1.2021505376344086,1860
2022,PHI,1,0.026724673710379118,1609,1.293951831785502,11.27408328154133,1.2021505376344086,1860,2,1.2276098117512835,1753
2022,PHI,2,0.030343897505057317,1483,1.2803142506792642,11.086311530681051,1.2276098117512835,1753,3,1.2667429879793932,1747
2022,PHX,0,0.05149700598802395,1670,1.2659515836083468,11.592215568862276,1.2012028430836523,1829,1,1.193099610461881,1797
2022,PHX,1,0.05447941888619855,1652,1.2644362893887595,11.50181598062954,1.193099610461881,1797,2,1.1417025862068966,1856
2022,PHX,2,0.06463195691202872,1671,1.2568746554766044,11.602034709754639,1.1417025862068966,1856,3,1.2190060076460951,1831
2022,POR,0,0.044107965766951945,1519,1.2683693378236205,11.081632653061224,1.14775871610404,1807,1,1.1793625067531064,1851
2022,POR,1,0.04127579737335835,1599,1.2901742947836958,11.374609130706691,1.1793625067531064,1851,2,1.2552960347637154,1841
2022,POR,2,0.022556390977443608,1596,1.3024762709859106,11.394736842105264,1.2552960347637154,1841,3,1.1112886048988286,1878
2022,SAC,0,0.04072948328267477,1645,1.25971398427135,12.493009118541034,1.1987513007284079,1922,1,1.1971458773784356,1892
2022,SAC,1,0.021033653846153848,1664,1.2751399622367217,12.609975961538462,1.1971458773784356,1892,2,1.2354188759278897,1886
2022,SAC,2,0.029339853300733496,1636,1.2827781183644142,12.477383863080684,1.2354188759278897,1886,3,1.2629887520085699,1867
2022,SAS,0,0.036686390532544376,1690,1.2700904925294108,12.189940828402367,1.0973821989528796,1910,1,1.1718085106382978,1880
2022,SAS,1,0.03764705882352941,1700,1.2510741853349534,11.99470588235294,1.1718085106382978,1880,2,1.1301192327630898,1929
2022,SAS,2,0.052749719416386086,1782,1.2357610523898057,12.22053872053872,1.1301192327630898,1929,3,1.110138960370561,1943
2022,TOR,0,0.03727810650887574,1690,1.2693715396925356,11.580473372781064,1.1600218459858,1831,1,1.171349862258953,1815
2022,TOR,1,0.03522388059701492,1675,1.2756422931782856,11.683582089552239,1.171349862258953,1815,2,1.2185792349726776,1830
2022,TOR,2,0.038190364277320796,1702,1.2867490224703666,11.445945945945946,1.2185792349726776,1830,3,1.1747191011235956,1780
2022,UTA,0,0.07370283018867925,1696,1.2472772304891984,11.829599056603774,1.189545934530095,1894,1,1.1927966101694916,1888
2022,UTA,1,0.07519708914493632,1649,1.232106597173646,11.741661613098847,1.1927966101694916,1888,2,1.205251875669882,1866
2022,UTA,2,0.05501813784764208,1654,1.279045580082357,11.601571946795646,1.205251875669882,1866,3,1.158139534883721,1935
2022,WAS,0,0.04523227383863081,1636,1.2207895784945781,11.40953545232274,1.1362898864250945,1849,1,1.183554376657825,1885
2022,WAS,1,0.02214022140221402,1626,1.254341824252852,11.702952029520295,1.183554376657825,1885,2,1.2360491071428572,1792
2022,WAS,2,0.028607755880483154,1573,1.2370734079710475,10.914812460267006,1.2360491071428572,1792,3,1.1750414135836555,1811
2023,ATL,0,0.042213348545350825,1753,1.2706435266487401,12.444951511694239,1.2350182386659718,1919,1,1.1702574881765633,1903
2023,ATL,1,0.04435483870967742,1736,1.294683982889989,12.071428571428571,1.1702574881765633,1903,2,1.2339181286549707,1881
2023,ATL,2,0.044886363636363634,1760,1.2952842714427188,12.133522727272727,1.2339181286549707,1881,3,1.1934065934065934,1820
2023,BKN,0,0.03341288782816229,1676,1.2729169941672742,11.970763723150357,1.2056892778993435,1828,1,1.1794019933554818,1806
2023,BKN,1,0.037410926365795724,1684,1.267050930226303,11.970308788598574,1.1794019933554818,1806,2,1.1539325842696628,1780
2023,BKN,2,0.03450400492914356,1623,1.2924554155985684,11.656808379544055,1.1539325842696628,1780,3,1.1235763097949887,1756
2023,BOS,0,0.051470588235294115,1632,1.2939036794346113,11.841911764705882,1.1992378878606424,1837,1,1.2677038626609443,1864
2023,BOS,1,0.05574912891986063,1722,1.2808658560324926,11.696864111498257,1.2677038626609443,1864,2,1.28987898789879,1818
2023,BOS,2,0.04436450839328537,1668,1.296689654460593,11.647482014388489,1.28987898789879,1818,3,1.3074285714285714,1750
2023,CHA,0,0.041991601679664065,1667,1.251152328949478,11.719256148770246,1.170940170940171,1872,1,1.1174496644295302,1788
2023,CHA,1,0.041767554479418885,1652,1.2353504193009726,11.172518159806295,1.1174496644295302,1788,2,1.1137757947573899,1793
2023,CHA,2,0.04314720812182741,1576,1.250156515850388,11.39784263959391,1.1137757947573899,1793,3,1.129661503155479,1743
2023,CHI,0,0.02671523982999393,1647,1.2707099607366776,11.493017607771707,1.1294843049327354,1784,1,1.1762114537444934,1816
2023,CHI,1,0.015179113539769277,1647,1.2785230063836808,11.576806314511233,1.1762114537444934,1816,2,1.2075055187637969,1812
2023,CHI,2,0.020298507462686566,1675,1.2719624930469768,11.576119402985075,1.2075055187637969,1812,3,1.1817676486937188,1799
2023,CLE,0,0.03512014787430684,1623,1.3208267091613017,11.675908810844115,1.130881557598702,1849,1,1.2365236523652365,1818
2023,CLE,1,0.02623732856290996,1677,1.3203422353974812,11.364937388193201,1.2365236523652365,1818,2,1.2040022234574763,1799
2023,CLE,2,0.021766169154228857,1608,1.3381114487595915,11.644900497512438,1.2040022234574763,1799,3,1.1692395654659806,1749
2023,DAL,0,0.021739130434782608,1702,1.3013422635674683,11.880141010575793,1.2095647501343363,1861,1,1.191035218783351,1874
2023,DAL,1,0.026020106445890007,1691,1.2907858013530853,11.808988764044944,1.191035218783351,1874,2,1.2020255863539446,1876
2023,DAL,2,0.02037147992810066,1669,1.310028169610303,12.047333732774117,1.2020255863539446,1876,3,1.2016348773841963,1835
2023,DEN,0,0.045177045177045176,1638,1.2875336787553804,11.26923076923077,1.2171970965940815,1791,1,1.2429127292940523,1799
2023,DEN,1,0.03893695920889988,1618,1.3215701425712059,11.57601977750309,1.2429127292940523,1799,2,1.188519977490152,1777
2023,DEN,2,0.05654578979717271,1627,1.2713556555196663,11.218192993239091,1.188519977490152,1777,3,1.243611584327087,1761
2023,DET,0,0.04506699147381242,1642,1.2286229590664062,11.951887941534714,1.1237279057311194,1867,1,1.1967299578059072,1896
2023,DET,1,0.039783001808318265,1659,1.221475250254209,11.992766726943943,1.1967299578059072,1896,2,1.1552660152008687,1842
2023,DET,2,0.039927404718693285,1653,1.2393122398545484,11.782214156079855,1.1552660152008687,1842,3,1.0830601092896175,1830
2023,GSW,0,0.06865127582017011,1646,1.247594368033179,11.622114216281895,1.1733979536887453,1857,1,1.2322509631260319,1817
2023,GSW,1,0.0497335701598579,1689,1.2835833793545577,11.91651865008881,1.2322509631260319,1817,2,1.2129337539432177,1902
2023,GSW,2,0.07282913165266107,1785,1.2859606553369078,12.242016806722688,1.2129337539432177,1902,3,1.2258064516129032,1798
2023,HOU,0,0.05806845965770171,1636,1.2148922002372189,11.201100244498777,1.1462212486308871,1826,1,1.1961722488038278,1881
2023,HOU,1,0.05899532710280374,1712,1.2270561914255025,11.68983644859813,1.1961722488038278,1881,2,1.1485411140583555,1885
2023,HOU,2,0.037996545768566495,1737,1.2709068370970642,12.011514104778353,1.1485411140583555,1885,3,1.2277867528271404,1857
2023,IND,0,0.04502501389660923,1799,1.293807875525586,12.630906058921623,1.265617064499746,1969,1,1.226354941551541,1882
2023,IND,1,0.04523809523809524,1680,1.2819551555550963,12.657738095238095,1.226354941551541,1882,2,1.2043409211222869,1889
2023,IND,2,0.0336950314106225,1751,1.297791844458122,12.40034266133638,1.2043409211222869,1889,3,1.2757690232056125,1853
2023,LAC,0,0.039628482972136225,1615,1.2680566857374156,11.739318885448917,1.1877058177826565,1822,1,1.2928730512249442,1796
2023,LAC,1,0.023764853033145718,1599,1.2921225099973732,11.268918073796122,1.2928730512249442,1796,2,1.2071106094808126,1772
2023,LAC,2,0.02278481012658228,1580,1.3051254803441958,11.518354430379746,1.2071106094808126,1772,3,1.18556119571348,1773
2023,LAL,0,0.02707808564231738,1588,1.2816230999614409,11.816750629722922,1.1358550879062332,1877,1,1.151885289431758,1883
2023,LAL,1,0.030395136778115502,1645,1.290273949306741,11.95258358662614,1.151885289431758,1883,2,1.235200845665962,1892
2023,LAL,2,0.037997587454764774,1658,1.2722048275798552,12.040410132689988,1.235200845665962,1892,3,1.1890339425587468,1915
2023,MEM,0,0.03948143783146729,1697,1.2758833681585322,11.68120212139069,1.1032990805840994,1849,1,1.1172376873661671,1868
2023,MEM,1,0.02694427434170239,1633,1.2922781332932685,11.533374157991426,1.1172376873661671,1868,2,1.0857142857142856,1785
2023,MEM,2,0.029639175257731958,1552,1.2779588190316475,11.208762886597938,1.0857142857142856,1785,3,1.1025358324145536,1814
2023,MIA,0,0.06624203821656051,1570,1.2512341668110811,11.473885350318472,1.1994475138121548,1810,1,1.182023742227247,1769
2023,MIA,1,0.054404145077720206,1544,1.2492380581140614,11.505829015544041,1.182023742227247,1769,2,1.1743067345783815,1767
2023,MIA,2,0.06060606060606061,1584,1.2432757949454292,11.458333333333334,1.1743067345783815,1767,3,1.1715433161216293,1743
2023,MIL,0,0.04105392156862745,1632,1.2949069425013318,11.770833333333334,1.212493326214629,1873,1,1.2514167954662545,1941
2023,MIL,1,0.03900709219858156,1692,1.3077016462539424,11.733451536643026,1.2514167954662545,1941,2,1.1859323882224646,1834
2023,MIL,2,0.045763760049474335,1617,1.3103834681652453,11.953617810760669,1.1859323882224646,1834,3,1.1837416481069043,1796
2023,MIN,0,0.05912269548633185,1573,1.286022336866167,11.661157024793388,1.1740801757276222,1821,1,1.1863181312569522,1798
2023,MIN,1,0.04031209362808843,1538,1.299346006128622,11.307542262678803,1.1863181312569522,1798,2,1.2053571428571428,1792
2023,MIN,2,0.04095778197857593,1587,1.3022748416113683,11.128544423440454,1.2053571428571428,1792,3,1.1949295774647888,1775
2023,NOP,0,0.05244122965641953,1659,1.2504081069312383,11.913200723327305,1.1638993036957686,1867,1,1.2848417545807884,1801
2023,NOP,1,0.03263546798029557,1624,1.2776721855047346,11.731527093596059,1.2848417545807884,1801,2,1.2044711014176663,1834
2023,NOP,2,0.03579952267303103,1676,1.2918259354463402,11.785202863961814,1.2044711014176663,1834,3,1.190721649484536,1746
2023,NYK,0,0.028898254063816978,1661,1.2787448976163363,10.994581577363034,1.1927846674182638,1774,1,1.2104109589041097,1825
2023,NYK,1,0.03469263542300669,1643,1.2906865988419374,11.692635423006696,1.2104109589041097,1825,2,1.2198706643151087,1701
2023,NYK,2,0.026559604694255712,1619,1.3146641739876705,10.956763434218653,1.2198706643151087,1701,3,1.217416715371128,1711
2023,OKC,0,0.029571514785757393,1657,1.2673849673657356,12.310802655401329,1.222043873729267,1869,1,1.2726287262872629,1845
2023,OKC,1,0.024390243902439025,1681,1.2697581799555013,12.134443783462224,1.2726287262872629,1845,2,1.2143991529910005,1889
2023,OKC,2,0.013010053222945003,1691,1.2839722532321851,12.124778237729155,1.2143991529910005,1889,3,1.195837780149413,1874
2023,ORL,0,0.032176656151419555,1585,1.256042569435359,11.454889589905363,1.1611859838274932,1855,1,1.1620575221238938,1808
2023,ORL,1,0.030807147258163893,1623,1.22886134944129,11.293900184842883,1.1620575221238938,1808,2,1.1996527777777777,1728
2023,ORL,2,0.0160857908847185,1492,1.2640276629269758,10.99195710455764,1.1996527777777777,1728,3,1.1692484222604704,1743
2023,PHI,0,0.029751062537947785,1647,1.2827764469244274,11.461445051608987,1.2225789192081327,1869,1,1.230093355299286,1821
2023,PHI,1,0.02786190187764991,1651,1.282013773826018,11.313143549364021,1.230093355299286,1821,2,1.165551839464883,1794
2023,PHI,2,0.04360812425328554,1674,1.266830184346017,11.440860215053764,1.165551839464883,1794,3,1.1711972238288029,1729
2023,PHX,0,0.039597737272155875,1591,1.2759922903377028,11.059082338152106,1.2104097452934661,1806,1,1.2261111111111112,1800
2023,PHX,1,0.02423469387755102,1568,1.3010783560655779,11.894770408163266,1.2261111111111112,1800,2,1.2004253056884635,1881
2023,PHX,2,0.032059186189889025,1622,1.2962756487383387,11.77743526510481,1.2004253056884635,1881,3,1.2007808142777467,1793
2023,POR,0,0.06589383770591824,1639,1.2229306076768416,11.547895057962172,1.0989130434782608,1840,1,1.1389496717724288,1828
2023,POR,1,0.0380725758477097,1681,1.254374376249366,11.57822724568709,1.1389496717724288,1828,2,1.1505555555555556,1800
2023,POR,2,0.05305367057371992,1621,1.2449672181745914,11.429981492905613,1.1505555555555556,1800,3,1.0920245398773005,1793
2023,SAC,0,0.04319136172765447,1667,1.2470267590803172,12.388122375524896,1.183574879227053,1863,1,1.2256493506493507,1848
2023,SAC,1,0.025146198830409357,1710,1.294164415477043,12.262573099415205,1.2256493506493507,1848,2,1.2102728731942216,1869
2023,SAC,2,0.03988269794721408,1705,1.2620116612020305,12.442815249266863,1.2102728731942216,1869,3,1.176536943034405,1773
2023,SAS,0,0.0514018691588785,1712,1.256392456799443,12.210280373831775,1.0876288659793814,1940,1,1.1557762676424463,1913
2023,SAS,1,0.03468208092485549,1730,1.2966758657243738,12.471676300578034,1.1557762676424463,1913,2,1.135521439915299,1889
2023,SAS,2,0.03639618138424821,1676,1.2803881604447234,12.08054892601432,1.135521439915299,1889,3,1.1275132275132276,1890
2023,TOR,0,0.04638872577803876,1703,1.2946507200608977,11.990604815032295,1.1451876019575857,1839,1,1.225876010781671,1855
2023,TOR,1,0.03732691149909693,1661,1.2855054045938206,12.210114388922335,1.225876010781671,1855,2,1.1436997319034852,1865
2023,TOR,2,0.031048623315758642,1707,1.3144412313873088,12.494434680726421,1.1436997319034852,1865,3,1.0947995666305526,1846
2023,UTA,0,0.06894519740718916,1697,1.2565408498103479,11.56570418385386,1.14171974522293,1884,1,1.235541535226078,1902
2023,UTA,1,0.07873090481786134,1702,1.2664025505500007,11.840188014101058,1.235541535226078,1902,2,1.205587770163416,1897
2023,UTA,2,0.0497366881217086,1709,1.2763056829262331,11.770626097132826,1.205587770163416,1897,3,1.1368653421633554,1812
2023,WAS,0,0.051056338028169015,1704,1.2680337631772827,12.20481220657277,1.150855365474339,1929,1,1.1558372952984681,1893
2023,WAS,1,0.04401408450704225,1704,1.2774694953530918,12.309859154929578,1.1558372952984681,1893,2,1.1126614987080103,1935
2023,WAS,2,0.0488914155770324,1759,1.2654069839997086,12.695281409891985,1.1126614987080103,1935,3,1.131508319914117,1863
2024,ATL,0,0.04500292226767972,1711,1.3105110551235017,12.694915254237289,1.1610910962429233,1943,1,1.1496424923391215,1958
2024,ATL,1,0.041857798165137614,1744,1.3064211495000244,12.817660550458715,1.1496424923391215,1958,2,1.1714285714285715,1925
2024,ATL,2,0.03225806451612903,1705,1.3278350731953688,12.862170087976539,1.1714285714285715,1925,3,1.2623655913978495,1860
2024,BKN,0,0.03355263157894737,1520,1.2801734977558843,11.10328947368421,1.1838487972508591,1746,1,1.09477866061294,1762
2024,BKN,1,0.03940568475452196,1548,1.2614851819915434,11.391472868217054,1.09477866061294,1762,2,1.1263035921205098,1726
2024,BKN,2,0.05330764290301863,1557,1.248731045271486,11.482980089916506,1.1263035921205098,1726,3,1.120157215047726,1781
2024,BOS,0,0.06842737094837935,1666,1.2936819006676283,11.295918367346939,1.240066225165563,1812,1,1.2137276785714286,1792
2024,BOS,1,0.07062978222483814,1699,1.2998713399681021,11.336080047086522,1.2137276785714286,1792,2,1.2321225879682178,1762
2024,BOS,2,0.06056860321384425,1618,1.280979112198452,10.870210135970334,1.2321225879682178,1762,3,1.254503195816386,1721
2024,CHA,0,0.02318668252080856,1682,1.2662486415060412,11.37039239001189,1.1368421052631579,1805,1,1.0882034632034632,1848
2024,CHA,1,0.023255813953488372,1677,1.2774679965525713,11.434704830053667,1.0882034632034632,1848,2,1.0600112170499159,1783
2024,CHA,2,0.05782105903834449,1643,1.2393701113787516,11.367620206938527,1.0600112170499159,1783,3,1.125069793411502,1791
2024,CHI,0,0.027278003482298318,1723,1.3198783215870489,12.520603598374928,1.1646153846153846,1950,1,1.1677148846960168,1908
2024,CHI,1,0.027366020524515394,1754,1.3166978143270307,12.875712656784492,1.1677148846960168,1908,2,1.146547179757512,1897
2024,CHI,2,0.05520046484601976,1721,1.2872432492758412,12.664729808251018,1.146547179757512,1897,3,1.197716658017644,1927
2024,CLE,0,0.028450363196125907,1652,1.3589171614222053,12.11864406779661,1.2578378378378379,1850,1,1.2456989247311827,1860
2024,CLE,1,0.034944670937682006,1717,1.3284368646181008,12.247524752475247,1.2456989247311827,1860,2,1.3029157667386608,1852
2024,CLE,2,0.05142857142857143,1750,1.3131333245652113,12.38342857142857,1.3029157667386608,1852,3,1.215633423180593,1855
2024,DAL,0,0.0254739336492891,1688,1.3176088027700368,12.186611374407583,1.1854022376132125,1877,1,1.158383397050792,1831
2024,DAL,1,0.0426189005558987,1619,1.303289661974934,11.702903026559605,1.158383397050792,1831,2,1.1841671247938428,1819
2024,DAL,2,0.04553734061930783,1647,1.27875373102784,11.774134790528233,1.1841671247938428,1819,3,1.1511565357719205,1859
2024,DEN,0,0.0659077291791492,1669,1.3040803419707176,12.355302576393049,1.2007434944237918,1883,1,1.249733759318424,1878
2024,DEN,1,0.06380441264162194,1677,1.3222097800062877,12.124627310673823,1.249733759318424,1878,2,1.26449864498645,1845
2024,DEN,2,0.06872037914691943,1688,1.3077209016094649,11.947867298578199,1.26449864498645,1845,3,1.237433155080214,1870
2024,DET,0,0.021341463414634148,1640,1.268960852201115,11.557926829268293,1.1485527034407428,1831,1,1.1878393051031488,1842
2024,DET,1,0.03937007874015748,1651,1.257847116337871,12.107207752877045,1.1878393051031488,1842,2,1.234375,1856
2024,DET,2,0.02240566037735849,1696,1.3042101070197072,11.77063679245283,1.234375,1856,3,1.2161290322580645,1860
2024,GSW,0,0.06701631701631702,1716,1.3101939644269673,12.37937062937063,1.1730975348338692,1866,1,1.112534818941504,1795
2024,GSW,1,0.0748502994011976,1670,1.2692065131285033,11.892215568862275,1.112534818941504,1795,2,1.2142857142857142,1834
2024,GSW,2,0.0626830697129467,1707,1.2791241958784054,11.9502050380785,1.2142857142857142,1834,3,1.2175824175824175,1820
2024,HOU,0,0.06613906161673262,1769,1.2509650250695914,11.671565856416054,1.177874186550976,1844,1,1.1978082191780821,1825
2024,HOU,1,0.054705882352941174,1700,1.248240782353084,11.442941176470589,1.1978082191780821,1825,2,1.1622516556291391,1812
2024,HOU,2,0.0702576112412178,1708,1.246710956573208,11.392857142857142,1.1622516556291391,1812,3,1.2509610104338276,1821
2024,IND,0,0.04207317073170732,1640,1.292582413483506,12.176829268292684,1.1585106382978723,1880,1,1.206952743074416,1841
2024,IND,1,0.03959208158368326,1667,1.2658278307094,11.783443311337733,1.206952743074416,1841,2,1.2209115281501342,1865
2024,IND,2,0.04417910447761194,1675,1.2831248857181254,12.274029850746269,1.2209115281501342,1865,3,1.215748031496063,1905
2024,LAC,0,0.045743329097839895,1574,1.285508644014643,11.20330368487929,1.1689983212087298,1787,1,1.1356948228882833,1835
2024,LAC,1,0.04158790170132325,1587,1.288009504809858,11.531190926275993,1.1356948228882833,1835,2,1.166023166023166,1813
2024,LAC,2,0.04655493482309125,1611,1.2840053058070222,11.456238361266294,1.166023166023166,1813,3,1.2402452619843924,1794
2024,LAL,0,0.02754644458680333,1561,1.310079256455181,11.464445868033312,1.1734072022160664,1805,1,1.1519337016574585,1810
2024,LAL,1,0.0392156862745098,1581,1.265337660219111,11.294750158127767,1.1519337016574585,1810,2,1.2369878183831673,1806
2024,LAL,2,0.032776349614395885,1556,1.3010682468646346,11.459511568123393,1.2369878183831673,1806,3,1.2015503875968991,1806
2024,MEM,0,0.02954808806488992,1726,1.3028958386596448,12.83082271147161,1.1902792140641159,1934,1,1.2221657346212507,1967
2024,MEM,1,0.03128555176336746,1758,1.280261596010465,12.736063708759955,1.2221657346212507,1967,2,1.200416449765747,1921
2024,MEM,2,0.033522727272727273,1760,1.2729120924509625,12.55340909090909,1.200416449765747,1921,3,1.1974723538704581,1899
2024,MIA,0,0.03523693803159174,1646,1.2893059653216432,11.332928311057108,1.190292333149476,1813,1,1.1606648199445984,1805
2024,MIA,1,0.04358974358974359,1560,1.2787881883181955,11.290384615384616,1.1606648199445984,1805,2,1.1343033016228317,1787
2024,MIA,2,0.028266331658291458,1592,1.2995458988807487,11.257537688442211,1.1343033016228317,1787,3,1.1822247065399665,1789
2024,MIL,0,0.05222929936305733,1570,1.3101706745864548,11.454140127388534,1.1794731064763995,1822,1,1.188689505165851,1839
2024,MIL,1,0.056790123456790124,1620,1.305702520861147,11.74074074074074,1.188689505165851,1839,2,1.1713527851458887,1885
2024,MIL,2,0.06706948640483383,1655,1.2964467282538876,11.706344410876133,1.1713527851458887,1885,3,1.2272222222222222,1800
2024,MIN,0,0.045998739760554505,1587,1.3026888180710994,11.346565847511027,1.1645429362880886,1805,1,1.200225606316977,1773
2024,MIN,1,0.05434103685196752,1601,1.2985338057600164,11.507807620237351,1.200225606316977,1773,2,1.1925766541151157,1859
2024,MIN,2,0.060058309037900874,1715,1.2853027637177301,11.650145772594753,1.1925766541151157,1859,3,1.2472707423580787,1832
2024,NOP,0,0.045998739760554505,1587,1.2599209503971345,11.328922495274101,1.1100397050482134,1763,1,1.1512875536480687,1864
2024,NOP,1,0.040697674418604654,1720,1.302748234489992,12.212209302325581,1.1512875536480687,1864,2,1.1762837480148227,1889
2024,NOP,2,0.07064273306311523,1727,1.2712424061108383,12.272148233931674,1.1762837480148227,1889,3,1.1300949190396428,1791
2024,NYK,0,0.040222772277227724,1616,1.3296251496336027,11.291460396039604,1.2697963800904977,1768,1,1.2402885682574918,1802
2024,NYK,1,0.04835709857408556,1613,1.3381613781028687,11.137631742095474,1.2402885682574918,1802,2,1.192391304347826,1840
2024,NYK,2,0.03263403263403263,1716,1.3288977649337341,11.337412587412587,1.192391304347826,1840,3,1.1876065946560546,1759
2024,OKC,0,0.03257707969749855,1719,1.3006559765949255,12.292030250145434,1.1689299293862032,1841,1,1.2075067024128687,1865
2024,OKC,1,0.03296703296703297,1729,1.290078545866278,12.253325621746674,1.2075067024128687,1865,2,1.2884310618066561,1893
2024,OKC,2,0.022099447513812154,1810,1.3014551984767546,12.438674033149171,1.2884310618066561,1893,3,1.2641107561235356,1878
2024,ORL,0,0.03639846743295019,1566,1.2961378093014497,11.399744572158365,1.1447072072072073,1776,1,1.1181923522595596,1726
2024,ORL,1,0.036482084690553744,1535,1.2611104275515936,11.339413680781758,1.1181923522595596,1726,2,1.1180832857957788,1753
2024,ORL,2,0.05912269548633185,1573,1.2129573683928472,10.865225683407502,1.1180832857957788,1753,3,1.158195316961736,1751
2024,PHI,0,0.04801536491677337,1562,1.276496165000002,11.235595390524969,1.116825041922862,1789,1,1.1430173864273696,1783
2024,PHI,1,0.04105195638229634,1559,1.2703950317551271,10.86529826812059,1.1430173864273696,1783,2,1.18111540585312,1811
2024,PHI,2,0.04428044280442804,1626,1.2881857077679653,11.55719557195572,1.18111540585312,1811,3,1.1601520086862107,1842
2024,PHX,0,0.034112444725205304,1583,1.2714739951215404,11.515476942514214,1.1833060556464812,1833,1,1.1787493082457112,1807
2024,PHX,1,0.03051948051948052,1540,1.276227083509144,11.199350649350649,1.1787493082457112,1807,2,1.195108695652174,1840
2024,PHX,2,0.04184884447220487,1601,1.2864062797316538,11.261711430356028,1.195108695652174,1840,3,1.217587373167982,1774
2024,POR,0,0.04499100179964007,1667,1.2783909929413764,11.934013197360528,1.0839237057220708,1835,1,1.1409066084107045,1831
2024,POR,1,0.028863499699338546,1663,1.3001817554255761,11.975345760673482,1.1409066084107045,1831,2,1.2240044247787611,1808
2024,POR,2,0.03425076452599388,1635,1.2911926668047748,12.11743119266055,1.2240044247787611,1808,3,1.14308768154922,1859
2024,SAC,0,0.05538270068450529,1607,1.2606369740241368,12.14934660858743,1.18774157923799,1811,1,1.1985968699406369,1853
2024,SAC,1,0.06871095968199886,1761,1.248958652801829,11.952299829642248,1.1985968699406369,1853,2,1.2138603140227395,1847
2024,SAC,2,0.058997050147492625,1695,1.258303674597421,11.87905604719764,1.2138603140227395,1847,3,1.1918903483723586,1751
2024,SAS,0,0.025157232704402517,1590,1.3020879821312221,11.71320754716981,1.1277412280701755,1824,1,1.1517571884984026,1878
2024,SAS,1,0.03041144901610018,1677,1.301588415125758,12.159809183064997,1.1517571884984026,1878,2,1.1735232067510548,1896
2024,SAS,2,0.019253208868144692,1714,1.3129704728058476,12.486581096849475,1.1735232067510548,1896,3,1.1917808219178083,1825
2024,TOR,0,0.048134777376654635,1662,1.2847179683872845,12.204572803850782,1.151891891891892,1850,1,1.1202600216684724,1846
2024,TOR,1,0.0246690734055355,1662,1.3164168330188244,12.28459687123947,1.1202600216684724,1846,2,1.1280653950953679,1835
2024,TOR,2,0.03437691835481891,1629,1.2933398301769086,12.098833640270104,1.1280653950953679,1835,3,1.1346960167714886,1908
2024,UTA,0,0.04888888888888889,1575,1.277086147613632,11.304126984126984,1.1263042284459088,1821,1,1.1575822989746358,1853
2024,UTA,1,0.054380664652567974,1655,1.2763254013291847,11.70392749244713,1.1575822989746358,1853,2,1.1393875395987327,1894
2024,UTA,2,0.0688235294117647,1700,1.2500742446248225,11.777058823529412,1.1393875395987327,1894,3,1.0735524256651017,1917
2024,WAS,0,0.031231585150265175,1697,1.2804826384991048,12.289334119033589,1.0747126436781609,1914,1,1.1041776837652035,1891
2024,WAS,1,0.04580152671755725,1703,1.2446427350972151,12.136230182031708,1.1041776837652035,1891,2,1.1212938005390836,1855
2024,WAS,2,0.044794188861985475,1652,1.2572879381442226,11.996973365617434,1.1212938005390836,1855,3,1.0749063670411985,1869
