PLAYER_ID,PLAYER_NAME,TEAM_ABBREVIATION,GP,MIN
1630639,A.J. Lawson,TOR,24,226.115
1631260,AJ Green,MIL,78,2269.9333333333334
1642358,AJ Johnson,DAL,48,453.43333333333334
203932,Aaron Gordon,DEN,36,1004.9583333333334
1628988,Aaron Holiday,HOU,57,780.7316666666667
1630174,Aaron Nesmith,IND,45,1334.95
1630598,Aaron Wiggins,OKC,65,1413.98
1642846,Ace Bailey,UTA,72,1987.6433333333334
1642380,Adama Bal,MEM,8,241.315
1641737,Adem Bona,PHI,71,1234.1616666666666
1642876,Adou Thiero,LAL,25,148.90333333333334
1642349,Ajay Mitchell,OKC,57,1472.7983333333334
201143,Al Horford,GSW,45,969.185
1630828,Alex Antetokounmpo,MIL,6,20.638333333333332
1627936,Alex Caruso,OKC,56,1020.3466666666667
1631457,Alex Morales,ORL,4,23.583333333333332
1642259,Alex Sarr,WAS,48,1304.6616666666666
1642918,Alijah Martin,TOR,23,145.615
1631214,Alondes Williams,WAS,4,100.78333333333333
1630578,Alperen Sengun,HOU,72,2397.695
1642873,Amari Williams,BOS,22,145.72333333333333
1641708,Amen Thompson,HOU,79,2953.15
1629599,Amir Coffey,PHX,46,490.50166666666667
1643158,Andersson Garcia,UTA,5,168.75
203083,Andre Drummond,PHI,63,1230.7483333333332
1641748,Andre Jackson Jr.,MIL,48,408.10833333333335
1629614,Andrew Nembhard,IND,57,1785.5933333333332
203952,Andrew Wiggins,MIA,68,2062.5983333333334
1629014,Anfernee Simons,CHI,55,1371.9333333333334
1641710,Anthony Black,ORL,64,1910.05
203076,Anthony Davis,WAS,20,625.63
1630162,Anthony Edwards,MIN,61,2136.5933333333332
1630264,Anthony Gill,WAS,55,950.9466666666667
1641810,Antonio Reeves,CHA,10,67.67666666666666
1630574,Ariel Hukporti,NYK,54,497.96166666666664
1642854,Asa Newell,ATL,44,499.90833333333336
1641709,Ausar Thompson,DET,73,1895.61
1630559,Austin Reaves,LAL,51,1761.65
1630245,Ayo Dosunmu,MIN,69,1881.0433333333333
1628389,Bam Adebayo,MIA,73,2364.685
1631248,Baylor Scheierman,BOS,77,1429.3033333333333
1642879,Ben Saraf,BKN,44,916.3183333333334
1641767,Ben Sheppard,IND,65,1390.4766666666667
1631097,Bennedict Mathurin,LAC,54,1620.015
1643016,Bez Mbeng,UTA,15,492.185
1641731,Bilal Coulibaly,WAS,56,1467.605
202687,Bismack Biyombo,SAS,25,141.35333333333332
1642396,Blake Hinson,UTA,14,285.43333333333334
1631104,Blake Wesley,POR,31,360.8183333333333
1626171,Bobby Portis Jr.,MIL,67,1619.3133333333333
1641752,Bobi Klintman,DET,12,71.38333333333334
203992,Bogdan Bogdanović,LAC,23,452.06
1630538,Bones Hyland,MIN,71,1176.9183333333333
203078,Bradley Beal,LAC,6,120.91666666666667
1642382,Branden Carlson,OKC,42,488.2033333333333
1641764,Brandin Podziemski,GSW,82,2332.673333333333
1629634,Brandon Clarke,MEM,2,20.438333333333333
1627742,Brandon Ingram,TOR,77,2603.8633333333332
1641706,Brandon Miller,CHA,65,1968.3116666666667
1630314,Brandon Williams,DAL,66,1462.645
1641729,Brice Sensabaugh,UTA,75,1761.8666666666666
1642355,Bronny James,LAL,42,375.4916666666667
201572,Brook Lopez,LAC,75,1635.2733333333333
1642964,Brooks Barnhizer,OKC,40,347.88166666666666
1628971,Bruce Brown,DEN,82,1997.7883333333334
1631121,Bryce McGowens,NOP,42,879.9333333333333
1642267,Bub Carrington,WAS,82,2270.65
1631205,Buddy Boeheim,OKC,4,15.003333333333334
1627741,Buddy Hield,ATL,51,819.2716666666666
1643047,CJ Huntley,PHX,4,40.4
203468,CJ McCollum,ATL,76,2263.3716666666664
1630595,Cade Cunningham,DET,64,2171.6716666666666
1631216,Caleb Houstan,ATL,18,75.46666666666667
1631126,Caleb Love,POR,49,1012.6083333333333
1628997,Caleb Martin,DAL,58,856.2116666666667
1642353,Cam Christie,LAC,55,479.75
1642285,Cam Spencer,MEM,72,1714.4516666666666
1630560,Cam Thomas,MIL,42,880.5266666666666
1641715,Cam Whitmore,WAS,21,353.98333333333335
1629661,Cameron Johnson,DEN,54,1647.0316666666668
1626166,Cameron Payne,PHI,22,374.33666666666664
1627747,Caris LeVert,DET,60,1154.415
1642868,Carter Bryant,SAS,71,817.865
1641717,Cason Wallace,OKC,77,2046.07
1642907,Cedric Coward,MEM,62,1597.9466666666667
1643052,Chaney Johnson,BKN,17,347.5833333333333
1629646,Charles Bassey,GSW,13,152.70333333333335
1642404,Chaz Lanier,DET,34,262.005
1631096,Chet Holmgren,OKC,69,1997.2683333333334
1628449,Chris Boucher,BOS,9,94.15
1641753,Chris Livingston,CLE,3,17.426666666666666
1643024,Chris Mañon,LAL,9,46.085
101108,Chris Paul,LAC,16,227.535
1642959,Chris Youngblood,POR,34,185.09166666666667
1631128,Christian Braun,DEN,44,1399.1383333333333
1631132,Christian Koloko,ATL,27,356.66833333333335
1642935,Chucky Hepburn,TOR,2,13.233333333333333
203991,Clint Capela,HOU,75,925.6616666666666
1629632,Coby White,CHA,50,1249.7883333333334
1628998,Cody Martin,IND,4,55.18
1642262,Cody Williams,UTA,67,1630.5416666666667
1641732,Colby Jones,DET,1,6.816666666666666
1630175,Cole Anthony,MIL,35,526.635
1630658,Colin Castleton,ORL,4,21.383333333333333
1631221,Collin Gillespie,PHX,80,2281.8016666666667
1642867,Collin Murray-Boyles,TOR,57,1245.6
1629012,Collin Sexton,CHI,68,1613.2033333333334
1642843,Cooper Flagg,DAL,70,2343.858333333333
1630557,Corey Kispert,ATL,58,1079.6066666666666
1642504,Cormac Ryan,MIL,11,270.67833333333334
1641854,Craig Porter Jr.,CLE,64,1147.6616666666666
1642938,Curtis Jones,DEN,10,87.71666666666667
1626156,D'Angelo Russell,WAS,26,494.775
1629610,DaQuan Jeffries,SAC,3,59.903333333333336
1641747,DaRon Holmes II,DEN,25,209.51
1631342,Daeqwon Plowden,SAC,32,844.3683333333333
1630625,Dalano Banton,BOS,6,61.65
1631207,Dalen Terry,PHI,48,551.0266666666666
1642261,Dalton Knecht,LAL,54,552.9283333333333
1629655,Daniel Gafford,DAL,55,1194.4383333333333
1642450,Daniss Jenkins,DET,72,1455.3
1642874,Danny Wolf,BKN,57,1187.1616666666666
203967,Dario Saric,SAC,5,41.248333333333335
1641727,Dariq Whitehead,MEM,6,182.81666666666666
1642468,Darius Brown II,CLE,1,2.6666666666666665
1629636,Darius Garland,LAC,45,1344.2766666666666
1642357,David Jones Garcia,SAS,11,67.975
1631223,David Roddy,DEN,5,73.01666666666667
1630558,Davion Mitchell,MIA,70,2000.255
1630549,Day'Ron Sharpe,BKN,62,1159.915
1628368,De'Aaron Fox,SAS,72,2231.065
1629631,De'Andre Hunter,SAC,45,1175.4866666666667
1629001,De'Anthony Melton,GSW,49,1125.2566666666667
201599,DeAndre Jordan,NOP,12,198.8
1630610,DeJon Jarreau,MEM,11,230.73333333333332
201942,DeMar DeRozan,SAC,77,2405.515
1629731,Dean Wade,CLE,59,1317.6833333333334
1629028,Deandre Ayton,LAL,72,1958.385
1627749,Dejounte Murray,NOP,14,389.4166666666667
1630166,Deni Avdija,POR,66,2199.385
203471,Dennis Schröder,CLE,70,1696.2983333333334
1641726,Dereck Lively II,DAL,7,115.27333333333333
1642852,Derik Queen,NOP,81,2023.38
1627884,Derrick Jones Jr.,LAC,50,1349.5083333333334
1628401,Derrick White,BOS,77,2624.9566666666665
1630217,Desmond Bane,ORL,82,2756.045
1626164,Devin Booker,PHX,64,2146.43
1642269,Devin Carter,SAC,38,699.8683333333333
1630170,Devin Vassell,SAS,67,2044.2316666666666
1628415,Dillon Brooks,PHX,56,1701.5833333333333
1641794,Dillon Jones,NYK,7,39.388333333333335
1627734,Domantas Sabonis,SAC,19,563.5883333333334
1631230,Dominick Barlow,PHI,71,1688.5183333333334
1642270,Donovan Clingan,POR,77,2093.6366666666668
1628378,Donovan Mitchell,CLE,70,2342.0633333333335
1628978,Donte DiVincenzo,MIN,82,2494.036666666667
1627827,Dorian Finney-Smith,HOU,37,620.3116666666666
203926,Doug McDermott,SAC,29,439.1983333333333
1642962,Drake Powell,BKN,63,1319.5133333333333
203110,Draymond Green,GSW,68,1868.8883333333333
1629234,Drew Eubanks,SAC,42,552.27
1641809,Drew Peterson,CHA,6,64.26833333333333
1631166,Drew Timme,LAL,27,235.08166666666668
1630696,Dru Smith,MIA,70,1141.3083333333334
1629130,Duncan Robinson,DET,77,2113.1583333333333
1641871,Duop Reath,POR,32,258.17
203939,Dwight Powell,DAL,63,904.4116666666666
1642928,Dylan Cardwell,SAC,44,906.5383333333333
1642844,Dylan Harper,SAS,69,1557.9566666666667
1630700,Dyson Daniels,ATL,76,2519.54
1630604,E.J. Liddell,BKN,26,349.19
1642856,Egor Dëmin,BKN,52,1308.2083333333333
1641989,Elijah Harkless,UTA,26,544.8133333333334
1641801,Emanuel Miller,SAS,5,33.05
1642402,Enrique Freeman,MIN,4,37.208333333333336
201569,Eric Gordon,PHI,6,73.75
1630679,Ethan Thompson,IND,32,653.2316666666667
1630596,Evan Mobley,CLE,65,2074.2883333333334
1630532,Franz Wagner,ORL,34,1019.0033333333333
1641713,GG Jackson,MEM,55,1177.765
1629216,Gabe Vincent,ATL,53,879.0783333333334
202066,Garrett Temple,TOR,22,72.93666666666667
1629726,Garrison Mathews,IND,15,196.1
203914,Gary Harris,MIL,48,660.7683333333333
1627780,Gary Payton II,GSW,73,1142.28
1629018,Gary Trent Jr.,MIL,65,1377.3816666666667
203507,Giannis Antetokounmpo,MIL,36,1039.23
1629048,Goga Bitadze,ORL,64,972.0066666666667
1641711,Gradey Dick,TOR,76,1066.6883333333333
1641761,Grant Nelson,BKN,4,35.01
1629684,Grant Williams,CHA,36,711.4533333333334
1628960,Grayson Allen,PHX,51,1467.2783333333334
1627824,Guerschon Yabusele,CHI,67,1007.0566666666666
1630611,Gui Santos,GSW,68,1395.3633333333332
203084,Harrison Barnes,SAS,77,1986.475
1631127,Harrison Ingram,SAS,7,26.116666666666667
1643060,Hayden Gray,UTA,1,24.75
1629312,Haywood Highsmith,PHX,7,90.79
1630529,Herbert Jones,NOP,56,1588.3816666666667
1642864,Hugo González,BOS,74,1083.93
1630621,Hunter Dickinson,NOP,5,42.47833333333333
1642282,Hunter Sallis,PHI,7,25.673333333333332
1641816,Hunter Tyson,DEN,21,161.9
1630193,Immanuel Quickley,TOR,70,2231.3083333333334
1642403,Isaac Jones,DET,7,35.68333333333333
1630171,Isaac Okoro,CHI,63,1694.89
1642268,Isaiah Collier,UTA,59,1516.92
1642384,Isaiah Crawford,HOU,14,92.1
1628392,Isaiah Hartenstein,OKC,47,1137.425
1630543,Isaiah Jackson,LAC,55,908.3116666666666
1630198,Isaiah Joe,OKC,71,1507.445
1630587,Isaiah Livers,PHX,36,347.36
1641815,Isaiah Stevens,SAC,3,42.78333333333333
1630191,Isaiah Stewart,DET,58,1317.135
1627826,Ivica Zubac,IND,48,1446.6983333333333
1631120,JD Davison,HOU,28,218.41666666666666
1629630,Ja Morant,MEM,20,568.5
1642266,Ja'Kobe Walter,TOR,72,1473.575
1631095,Jabari Smith Jr.,HOU,77,2705.365
1631133,Jabari Walker,PHI,64,761.6683333333333
1631210,Jacob Toppin,ATL,5,16.866666666666667
1630702,Jaden Hardy,WAS,57,898.0966666666667
1631093,Jaden Ivey,CHI,37,670.255
1630183,Jaden McDaniels,MIN,73,2316.4133333333334
1630256,Jae'Sean Tate,HOU,46,404.72333333333336
1642942,Jahmai Mashack,MEM,31,673.1516666666666
1642443,Jahmir Young,MIA,14,58.195
1643141,Jahmyl Telfort,LAC,8,32.03333333333333
1631170,Jaime Jaquez Jr.,MIA,75,2121.21
1631222,Jake LaRavia,LAL,82,2061.47
1627751,Jakob Poeltl,TOR,46,1149.06
1628973,Jalen Brunson,NYK,74,2589.806666666667
1631105,Jalen Duren,DET,70,1975.8533333333332
1630224,Jalen Green,PHX,32,828.325
1630552,Jalen Johnson,ATL,72,2531.5983333333334
1629618,Jalen Pickett,DEN,50,806.48
1641771,Jalen Slawson,IND,13,310.55
1630188,Jalen Smith,CHI,53,1095.3883333333333
1630591,Jalen Suggs,ORL,57,1573.57
1631114,Jalen Williams,OKC,33,935.9633333333334
1630592,Jalen Wilson,BKN,54,859.2216666666667
1631288,Jamal Cain,ORL,40,485.9683333333333
1627750,Jamal Murray,DEN,75,2651.891666666667
1642347,Jamal Shead,TOR,82,1852.2383333333332
1631123,Jamaree Bouyea,PHX,46,644.0583333333333
201935,James Harden,CLE,70,2438.495
1630164,James Wiseman,IND,4,58.461666666666666
1642364,Jamir Watkins,WAS,50,1032.1766666666667
1642419,Jamison Battle,TOR,61,516.7783333333333
1641716,Jarace Walker,IND,76,1953.3833333333334
1642272,Jared McCain,OKC,67,1159.6666666666667
1628991,Jaren Jackson Jr.,UTA,48,1454.6483333333333
1629020,Jarred Vanderbilt,LAL,65,1127.7416666666666
1628386,Jarrett Allen,CLE,56,1519.12
1642859,Jase Richardson,ORL,54,586.7483333333333
1642914,Javon Small,MEM,41,829.9083333333333
1631451,Javonte Cooke,POR,19,93.665
1629750,Javonte Green,DET,82,1445.9616666666666
1629637,Jaxson Hayes,LAL,66,1206.5783333333334
1630643,Jay Huff,IND,82,1719.2433333333333
1627759,Jaylen Brown,BOS,71,2442.838333333333
1641740,Jaylen Clark,MIN,68,887.7033333333334
1642377,Jaylen Wells,MEM,69,1820.6416666666667
1631119,Jaylin Williams,OKC,65,1277.375
1642281,Jaylon Tyson,CLE,66,1777.4833333333333
1643257,Jayson Kent,POR,5,22.466666666666665
1628369,Jayson Tatum,BOS,16,521.85
201145,Jeff Green,HOU,30,174.81666666666666
203924,Jerami Grant,POR,57,1695.1016666666667
1642847,Jeremiah Fears,NOP,82,2111.903333333333
1630526,Jeremiah Robinson-Earl,DAL,22,360.615
1631110,Jeremy Sochan,NYK,44,468.5516666666667
1630579,Jericho Sims,MIL,67,1317.835
1641724,Jett Howard,ORL,55,695.32
1628975,Jevon Carter,ORL,53,867.4416666666667
202710,Jimmy Butler III,GSW,38,1181.6766666666667
1642866,Joan Beringer,MIN,40,314.13166666666666
1629111,Jock Landale,ATL,68,1506.0766666666666
204060,Joe Ingles,MIN,27,152.68833333333333
203954,Joel Embiid,PHI,38,1200.6383333333333
1628381,John Collins,LAC,69,1871.4783333333332
1629723,John Konchar,UTA,56,1114.6766666666667
1642967,John Poulakidas,DAL,13,253.435
1642910,John Tonje,BOS,6,41.89833333333333
1641780,Johni Broome,PHI,11,54.76166666666666
1642277,Johnny Furphy,IND,35,643.0533333333333
1630548,Johnny Juzang,MIN,21,87.69833333333334
202685,Jonas Valanciunas,DEN,65,871.065
1628371,Jonathan Isaac,ORL,52,520.8933333333333
1630228,Jonathan Kuminga,ATL,36,830.4966666666667
1642367,Jonathan Mogbo,TOR,40,248.89666666666668
203903,Jordan Clarkson,NYK,72,1279.4616666666666
1630692,Jordan Goodwin,PHX,70,1571.7766666666666
1641722,Jordan Hawkins,NOP,51,691.975
1629162,Jordan McLaughlin,SAS,44,281.6166666666667
1641757,Jordan Miller,LAC,60,1324.78
1629673,Jordan Poole,NOP,39,933.2366666666667
1641775,Jordan Walsh,BOS,68,1211.97
1630631,Jose Alvarado,NYK,69,1370.2366666666667
1630581,Josh Giddey,CHI,54,1731.3566666666666
1630182,Josh Green,CHA,58,907.9283333333333
1628404,Josh Hart,NYK,66,1993.575
1631169,Josh Minott,BKN,49,833.7316666666667
1642490,Josh Oduro,NOP,3,81.76666666666667
1629006,Josh Okogie,HOU,78,1353.8116666666667
201950,Jrue Holiday,POR,53,1560.4016666666666
1630577,Julian Champagnie,SAS,82,2265.963333333333
1641763,Julian Phillips,MIN,48,427.01666666666665
1642882,Julian Reese,WAS,13,401.5
1631124,Julian Strawther,DEN,57,860.6733333333333
203944,Julius Randle,MIN,79,2610.2966666666666
1630551,Justin Champagnie,WAS,69,1377.4533333333334
1642348,Justin Edwards,PHI,64,977.0183333333333
203994,Jusuf Nurkić,UTA,41,1083.0683333333334
1642354,KJ Simpson,DEN,20,257.61
1642955,Kadary Richmond,WAS,3,66.8
1642880,Kam Jones,IND,37,616.325
1626157,Karl-Anthony Towns,NYK,75,2321.7816666666668
1631255,Karlo Matković,NOP,62,911.7566666666667
1642857,Kasparas Jakučionis,MIA,53,944.6283333333333
202695,Kawhi Leonard,LAC,65,2084.7283333333335
1630811,Keaton Wallace,ATL,53,535.99
1631099,Keegan Murray,SAC,23,793.0966666666667
1642276,Kel'el Ware,MIA,77,1703.8216666666667
1629640,Keldon Johnson,SAS,82,1911.4666666666667
203482,Kelly Olynyk,SAS,42,360.2133333333333
1626162,Kelly Oubre Jr.,PHI,50,1574.3116666666667
1631113,Kennedy Chandler,UTA,11,355.2266666666667
1629026,Kenrich Williams,OKC,56,855.1633333333333
203484,Kentavious Caldwell-Pope,MEM,51,1087.5583333333334
1631165,Keon Ellis,CLE,72,1478.6383333333333
1642352,Keshad Johnson,MIA,32,279.52166666666665
1642933,Keshon Gilbert,ATL,4,73.78333333333333
201142,Kevin Durant,HOU,78,2839.8233333333333
1628989,Kevin Huerter,DET,69,1549.0766666666666
201567,Kevin Love,UTA,37,612.8
1641755,Kevin McCullar Jr.,NYK,21,154.99333333333334
1629645,Kevin Porter Jr.,MIL,38,1261.015
1626172,Kevon Looney,NOP,21,307.4866666666667
1641718,Keyonte George,UTA,54,1786.1083333333333
1642863,Khaman Maluach,PHX,46,411.025
203114,Khris Middleton,DAL,63,1439.0866666666666
1630165,Killian Hayes,SAC,23,405.52666666666664
202691,Klay Thompson,DAL,69,1496.83
1641738,Kobe Brown,IND,61,962.3766666666667
1641723,Kobe Bufkin,LAL,16,119.48333333333333
1642920,Kobe Sanders,LAC,68,1351.4166666666667
1642886,Koby Brea,PHX,12,83.86666666666666
1642851,Kon Knueppel,CHA,81,2550.7466666666664
1627739,Kris Dunn,LAC,82,2230.0
1631200,Kris Murray,POR,57,1333.21
204001,Kristaps Porziņģis,GSW,32,768.8916666666667
203937,Kyle Anderson,MIN,43,853.2366666666667
1642271,Kyle Filipowski,UTA,77,1800.9433333333334
1628398,Kyle Kuzma,MIL,69,1805.7416666666666
200768,Kyle Lowry,PHI,14,118.04
1642273,Kyshawn George,WAS,48,1390.9633333333334
1643018,LJ Cryer,GSW,18,292.14666666666665
1630163,LaMelo Ball,CHA,72,2017.4466666666667
1642950,Lachlan Olbrich,CHI,37,344.2216666666667
1629013,Landry Shamet,NYK,51,1171.055
1626204,Larry Nance Jr.,CLE,35,448.77
1628374,Lauri Markkanen,UTA,42,1442.5966666666666
1643133,Lawson Lovering,MEM,2,49.265
2544,LeBron James,LAL,60,1989.055
1641778,Leaky Black,WAS,15,433.07666666666665
1631159,Leonard Miller,CHI,46,718.6616666666666
1642862,Liam McNeeley,CHA,31,367.52166666666665
1630322,Lindy Waters III,SAS,40,284.6766666666667
1628366,Lonzo Ball,CLE,35,727.7433333333333
1631351,Lucas Williamson,MEM,7,223.74
1629652,Luguentz Dort,OKC,69,1848.7416666666666
1629029,Luka Dončić,LAL,64,2288.6016666666665
1630568,Luka Garza,BOS,69,1117.9083333333333
1628379,Luke Kennard,LAL,78,1680.4766666666667
1628436,Luke Kornet,SAS,68,1430.08
1631247,Luke Travers,CLE,12,103.09166666666667
1630644,Mac McClung,CHI,11,135.175
1641869,Malachi Smith,BKN,15,358.82
1631103,Malaki Branham,WAS,28,275.47833333333335
1642502,Malevy Leons,GSW,25,276.4716666666667
1628370,Malik Monk,SAC,62,1363.6433333333334
1630699,MarJon Beauchamp,PHI,14,196.11166666666668
1631204,Marcus Sasser,DET,38,456.50333333333333
203935,Marcus Smart,LAL,62,1768.9783333333332
1641813,Mark Sears,MIL,7,26.081666666666667
1631109,Mark Williams,PHX,60,1416.05
1628365,Markelle Fultz,TOR,5,35.766666666666666
1628963,Marvin Bagley III,DAL,60,1200.9033333333334
203486,Mason Plumlee,SAS,20,171.48833333333334
1641824,Matas Buzelis,CHI,77,2248.2483333333334
1629680,Matisse Thybulle,POR,30,479.65
1631108,Max Christie,DAL,77,2244.48
1642917,Max Shulga,BOS,11,36.275
1629622,Max Strus,CLE,12,288.295
1628467,Maxi Kleber,LAL,43,461.01
1642875,Maxime Raynaud,SAC,74,1963.88
1642877,Micah Peavy,NOP,61,912.935
1630695,Micah Potter,IND,47,908.3166666666667
1629008,Michael Porter Jr.,BKN,52,1688.6033333333332
1628969,Mikal Bridges,NYK,82,2691.935
201144,Mike Conley,MIN,54,991.2983333333333
1628970,Miles Bridges,CHA,77,2387.2316666666666
1642939,Miles Kelly,DAL,14,133.72333333333333
1630540,Miles McBride,NYK,41,1080.035
1629011,Mitchell Robinson,NYK,60,1174.5016666666668
1628964,Mo Bamba,UTA,4,43.8
1642885,Mohamed Diawara,NYK,69,634.1516666666666
1628420,Monte Morris,IND,6,64.61666666666666
1629021,Moritz Wagner,ORL,36,426.595
1630541,Moses Moody,GSW,60,1539.8983333333333
1631338,Mouhamadou Gueye,CHI,2,45.44166666666667
1631243,Mouhamed Gueye,ATL,77,1178.8366666666666
1630619,Moussa Cisse,DAL,38,529.58
1631217,Moussa Diabaté,CHA,73,1898.9566666666667
1626167,Myles Turner,MIL,71,1911.8033333333333
1642066,Myron Gardner,MIA,45,410.505
1642368,N'Faly Dante,ATL,4,15.416666666666666
1641772,Nae'Qwan Tomlin,CLE,64,1003.6383333333333
1630230,Naji Marshall,DAL,74,2183.74
1631466,Nate Williams,GSW,14,239.17
1629675,Naz Reid,MIN,77,2007.35
1629674,Neemias Queta,BOS,76,1926.2066666666667
1629651,Nic Claxton,BKN,69,1920.3666666666666
1630208,Nick Richards,CHI,48,700.71
1641733,Nick Smith Jr.,LAL,30,374.87666666666667
1629638,Nickeil Alexander-Walker,ATL,78,2603.1766666666667
201587,Nicolas Batum,LAC,74,1294.595
1628502,Nigel Hayes-Davis,PHX,27,195.21333333333334
203999,Nikola Jokić,DEN,65,2264.855
1631107,Nikola Jović,MIA,47,808.0183333333333
1642260,Nikola Topić,OKC,10,160.08333333333334
202696,Nikola Vučević,BOS,64,1818.1183333333333
1642363,Nique Clifford,SAC,75,1881.925
1642855,Noa Essengue,CHI,2,6.033333333333333
1641730,Noah Clowney,BKN,66,1780.0633333333333
1642869,Noah Penda,ORL,59,757.275
1642849,Nolan Traore,BKN,56,1243.3916666666667
1641807,Norchad Omier,LAC,6,23.666666666666668
1626181,Norman Powell,MIA,58,1716.9366666666667
1628384,OG Anunoby,NYK,67,2223.8716666666664
1630167,Obi Toppin,IND,24,423.725
1630534,Ochai Agbaji,BKN,62,973.2033333333334
1630846,Olivier Sarr,CLE,4,39.35
1641765,Olivier-Maxence Prosper,MEM,53,983.5916666666667
1630209,Omer Yurtseven,GSW,9,103.955
1630168,Onyeka Okongwu,ATL,74,2296.9683333333332
1631115,Orlando Robinson,ORL,4,24.816666666666666
1631131,Oscar Tshiebwe,UTA,27,448.42
1642345,Oso Ighodaro,PHX,82,1808.37
1631172,Ousmane Dieng,MIL,57,1099.4716666666666
1629023,P.J. Washington,DAL,56,1735.62
1641790,PJ Hall,CHA,19,213.37833333333333
1642359,Pacôme Dadiet,NYK,29,135.76
1631094,Paolo Banchero,ORL,72,2501.685
1627783,Pascal Siakam,IND,62,2056.6516666666666
1626192,Pat Connaughton,CHA,42,296.5183333333333
1630311,Pat Spencer,GSW,66,1228.9266666666667
1631116,Patrick Baldwin Jr.,SAC,9,102.47166666666666
1630172,Patrick Williams,CHI,72,1473.78
202331,Paul George,PHI,37,1135.0316666666668
1630194,Paul Reed,DET,65,900.6283333333333
1630202,Payton Pritchard,BOS,79,2555.5233333333335
1642362,Payton Sandfort,OKC,4,63.333333333333336
1641796,Pelle Larsson,MIA,70,1849.1433333333334
1631250,Pete Nance,MIL,47,737.0983333333334
1631212,Peyton Watson,DEN,54,1597.7583333333334
1630173,Precious Achiuwa,SAC,73,1745.185
1629656,Quentin Grimes,PHI,75,2205.721666666667
1631245,Quenton Jackson,IND,49,897.425
1642366,Quinten Post,GSW,67,1159.1983333333333
1629628,RJ Barrett,TOR,57,1725.76
1642853,Rasheer Fleming,PHX,55,673.4016666666666
1642484,RayJ Dennis,ATL,17,206.23333333333332
1641712,Rayan Rupert,MEM,64,1072.545
1642263,Reed Sheppard,HOU,82,2146.923333333333
1642434,Riley Minix,CLE,9,58.083333333333336
1642265,Rob Dillingham,CHI,65,969.9533333333334
1629057,Robert Williams III,POR,59,1008.2133333333334
1642911,Rocco Zikarsky,MIN,5,36.483333333333334
1631199,Ron Harper Jr.,BOS,29,317.52666666666664
1641842,Ronald Holland II,DET,78,1550.4483333333333
1626220,Royce O'Neale,PHX,78,2213.0533333333333
203497,Rudy Gobert,MIN,76,2380.0466666666666
1629060,Rui Hachimura,LAL,68,1926.565
201566,Russell Westbrook,SAC,64,1852.57
1642346,Ryan Dunn,PHX,70,1355.245
1641750,Ryan Kalkbrenner,CHA,69,1479.1316666666667
1642948,Ryan Nembhard,DAL,60,1170.88
1631157,Ryan Rollins,MIL,74,2375.483333333333
1630180,Saddiq Bey,NOP,72,2245.575
1630573,Sam Hauser,BOS,78,1934.15
1630241,Sam Merrill,CLE,52,1377.0733333333333
1630572,Sandro Mamukelashvili,TOR,80,1750.6916666666666
1630583,Santi Aldama,MEM,43,1198.0783333333334
1630703,Scoot Henderson,POR,30,747.83
1630567,Scottie Barnes,TOR,80,2680.7766666666666
1630590,Scotty Pippen Jr.,MEM,10,211.86666666666667
1642951,Sean Pedulla,LAC,7,31.0
203552,Seth Curry,GSW,10,133.0
1631101,Shaedon Sharpe,POR,50,1471.3016666666667
1628983,Shai Gilgeous-Alexander,OKC,68,2258.9466666666667
1630536,Sharife Cooper,WAS,41,699.9983333333333
1631321,Sidy Cissoko,POR,75,1435.055
1631323,Simone Fontecchio,MIA,70,1172.47
1642883,Sion James,CHA,82,1843.28
1627746,Skal Labissiere,WAS,3,37.55
1642461,Spencer Jones,DEN,64,1416.79
1630649,Stanley Umude,SAS,2,6.566666666666666
201939,Stephen Curry,GSW,43,1328.7283333333332
1642264,Stephon Castle,SAS,68,2037.7433333333333
203500,Steven Adams,HOU,32,730.365
1629004,Svi Mykhailiuk,UTA,50,1155.6116666666667
204456,T.J. McConnell,IND,56,962.505
1643007,Taelon Peter,IND,38,492.23
201959,Taj Gibson,MEM,10,96.87333333333333
1631106,Tari Eason,HOU,60,1549.105
1627752,Taurean Prince,MIL,26,611.3033333333333
1641707,Taylor Hendricks,MEM,59,1118.465
1629611,Terance Mann,BKN,63,1529.0166666666667
1630545,Terrence Shannon Jr,MIN,43,537.675
203648,Thanasis Antetokounmpo,MIL,34,147.95833333333334
1628418,Thomas Bryant,CLE,60,731.8166666666667
1642275,Tidjane Salaün,CHA,37,575.38
203501,Tim Hardaway Jr.,DEN,80,2127.3
202699,Tobias Harris,DET,63,1745.45
1643253,Toby Okani,MEM,6,217.09
1642449,Tolu Smith,DET,15,137.44166666666666
1628396,Tony Bradley,ATL,41,450.68666666666667
1641787,Tosan Evbuomwan,CHA,5,7.713333333333333
1641739,Toumani Camara,POR,82,2731.2366666666667
1629027,Trae Young,WAS,15,383.75333333333333
1631218,Trayce Jackson-Davis,TOR,53,496.0366666666667
1642848,Tre Johnson,WAS,60,1442.8166666666666
1630200,Tre Jones,CHI,65,1752.3733333333332
1630544,Tre Mann,CHA,53,668.4583333333334
1630570,Trendon Watford,PHI,53,863.7166666666667
1642280,Trentyn Flowers,CHI,2,5.55
1630286,Trevon Scott,BKN,6,182.235
1631211,Trevor Keels,MIA,8,14.946666666666667
1641725,Trey Alexander,NOP,9,110.64333333333333
1641998,Trey Jemison III,NYK,13,81.58833333333334
1630530,Trey Murphy III,NOP,66,2340.6383333333333
1642400,Tristan Enaruna,CLE,9,85.13333333333334
1641774,Tristan Vukcevic,WAS,49,670.98
1641783,Tristan da Silva,ORL,77,1899.4566666666667
1641803,Tristen Newton,HOU,1,12.0
1629660,Ty Jerome,MEM,15,338.68833333333333
1631102,TyTy Washington Jr.,LAC,16,88.12833333333333
1631174,Tyler Burton,MEM,12,306.74333333333334
1629639,Tyler Herro,MIA,33,1032.6533333333334
1642278,Tyler Kolek,NYK,62,727.1616666666666
1641890,Tyler Smith,DAL,12,165.58333333333334
1631213,Tyrese Martin,PHI,46,776.61
1630178,Tyrese Maxey,PHI,70,2661.1183333333333
1642878,Tyrese Proctor,CLE,50,545.0866666666667
1630623,Tyson Etienne,BKN,24,380.01666666666665
1626145,Tyus Jones,DEN,67,978.5783333333334
1642845,VJ Edgecombe,PHI,75,2623.305
1641705,Victor Wembanyama,SAS,64,1865.6483333333333
1631246,Vince Williams Jr.,UTA,40,819.395
1642884,Vladislav Goldin,MIA,9,23.961666666666666
1630249,Vít Krejčí,POR,65,1392.1
1631117,Walker Kessler,UTA,5,153.98
1642383,Walter Clayton Jr.,MEM,69,1410.535
1628976,Wendell Carter Jr.,ORL,78,2288.3516666666665
1631111,Wendell Moore Jr.,DET,6,59.555
1642954,Will Richard,GSW,69,1376.805
1642860,Will Riley,WAS,74,1632.4716666666666
1630214,Xavier Tillman,CHA,30,183.87833333333333
1642905,Yang Hansen,POR,43,299.8933333333333
1642949,Yanic Konan Niederhäuser,LAC,41,423.67833333333334
1642530,Yuki Kawamura,CHI,18,209.02
1642274,Yves Missi,NOP,66,1297.0366666666666
1642258,Zaccharie Risacher,ATL,67,1503.2533333333333
1628380,Zach Collins,CHI,10,183.73666666666668
1641744,Zach Edey,MEM,11,283.8516666666667
203897,Zach LaVine,SAC,39,1224.2633333333333
1630192,Zeke Nnaji,DEN,52,625.9883333333333
1630533,Ziaire Williams,BKN,56,1281.2666666666667
1629627,Zion Williamson,NOP,62,1841.0633333333333
1642389,Zyon Pullin,MIN,5,42.583333333333336
